-- phpMyAdmin SQL Dump
-- version 4.1.14
-- http://www.phpmyadmin.net
--
-- Host: 127.0.0.1
-- Generation Time: Jun 17, 2017 at 02:58 PM
-- Server version: 5.6.17
-- PHP Version: 5.5.12

SET SQL_MODE = "NO_AUTO_VALUE_ON_ZERO";
SET time_zone = "+00:00";


/*!40101 SET @OLD_CHARACTER_SET_CLIENT=@@CHARACTER_SET_CLIENT */;
/*!40101 SET @OLD_CHARACTER_SET_RESULTS=@@CHARACTER_SET_RESULTS */;
/*!40101 SET @OLD_COLLATION_CONNECTION=@@COLLATION_CONNECTION */;
/*!40101 SET NAMES utf8 */;

--
-- Database: `trac_nghiem_test`
--

-- --------------------------------------------------------

--
-- Table structure for table `bang_chuan_cua_diem`
--

CREATE TABLE IF NOT EXISTS `bang_chuan_cua_diem` (
  `ma_diem_chuan` int(11) NOT NULL AUTO_INCREMENT,
  `diem_chuan` varchar(50) DEFAULT NULL,
  PRIMARY KEY (`ma_diem_chuan`)
) ENGINE=InnoDB  DEFAULT CHARSET=utf8 AUTO_INCREMENT=5 ;

--
-- Dumping data for table `bang_chuan_cua_diem`
--

INSERT INTO `bang_chuan_cua_diem` (`ma_diem_chuan`, `diem_chuan`) VALUES
(1, '0 - 250'),
(2, '250 - 500'),
(3, '500 - 750'),
(4, '750 - 990');

-- --------------------------------------------------------

--
-- Table structure for table `bang_tam`
--

CREATE TABLE IF NOT EXISTS `bang_tam` (
  `ma_cau_hoi` int(11) DEFAULT NULL,
  `ma_cau_tra_loi` int(11) DEFAULT NULL,
  `ma_nguoi_dung` int(11) DEFAULT NULL,
  `time` datetime DEFAULT NULL
) ENGINE=InnoDB DEFAULT CHARSET=utf8;

-- --------------------------------------------------------

--
-- Table structure for table `bang_xu_ly`
--

CREATE TABLE IF NOT EXISTS `bang_xu_ly` (
  `ma_bang_diem` int(11) NOT NULL AUTO_INCREMENT,
  `ma_phan_thi` int(11) DEFAULT NULL,
  `min` int(11) DEFAULT NULL,
  `max` int(11) DEFAULT NULL,
  `tinh_trang` int(11) DEFAULT NULL,
  PRIMARY KEY (`ma_bang_diem`)
) ENGINE=InnoDB  DEFAULT CHARSET=latin1 AUTO_INCREMENT=7 ;

--
-- Dumping data for table `bang_xu_ly`
--

INSERT INTO `bang_xu_ly` (`ma_bang_diem`, `ma_phan_thi`, `min`, `max`, `tinh_trang`) VALUES
(1, 1, 0, 6, 0),
(2, 1, 7, 89, 1),
(3, 1, 90, 100, 2),
(4, 2, 0, 15, 0),
(5, 2, 16, 96, 1),
(6, 2, 97, 100, 2);

-- --------------------------------------------------------

--
-- Table structure for table `cau_hoi`
--

CREATE TABLE IF NOT EXISTS `cau_hoi` (
  `ma_cau_hoi` int(11) NOT NULL AUTO_INCREMENT,
  `ma_loai_noi_dung` int(11) DEFAULT NULL,
  `ma_do_kho` int(11) DEFAULT NULL,
  `ma_chu_de` int(11) DEFAULT NULL,
  `noi_dung_cau_hoi` varchar(2000) DEFAULT NULL,
  `ngay_tao` date DEFAULT NULL,
  PRIMARY KEY (`ma_cau_hoi`),
  KEY `ma_loai_noi_dung` (`ma_loai_noi_dung`),
  KEY `ma_do_kho` (`ma_do_kho`),
  KEY `ma_chu_de` (`ma_chu_de`)
) ENGINE=InnoDB  DEFAULT CHARSET=utf8 AUTO_INCREMENT=434 ;

--
-- Dumping data for table `cau_hoi`
--

INSERT INTO `cau_hoi` (`ma_cau_hoi`, `ma_loai_noi_dung`, `ma_do_kho`, `ma_chu_de`, `noi_dung_cau_hoi`, `ngay_tao`) VALUES
(1, 3, 1, 8, 'Where is this conversation most likely taking place?', '2017-06-03'),
(2, 3, 1, 8, 'What does the woman ask the man about his steak?', '2017-06-03'),
(3, 3, 1, 8, 'What will the man probably say next?', '2017-06-03'),
(4, 3, 1, 9, 'What position does the man probably hold?', '2017-06-08'),
(5, 3, 1, 9, 'What mistake did the man make?', '2017-06-08'),
(6, 3, 1, 9, 'What does the woman ask the man to do?', '2017-06-08'),
(7, 3, 2, 10, 'What does the man ask Jean about?', '2017-06-03'),
(8, 3, 2, 10, 'Why does the man tell Jean to wait?', '2017-06-03'),
(9, 3, 2, 10, 'How does the woman feel about the news the man tells her?', '2017-06-03'),
(10, 3, 2, 11, 'Who is the woman?', '2017-06-03'),
(11, 3, 2, 11, 'What are the speakers talking about?', '2017-06-03'),
(12, 3, 2, 11, 'What does the man want to do?', '2017-06-03'),
(13, 3, 2, 12, 'What are the speakers mainly discussing?', '2017-06-03'),
(14, 3, 2, 12, 'What does the woman say about Paint Pros?', '2017-06-03'),
(15, 3, 2, 12, 'What does the woman offer to do?', '2017-06-03'),
(16, 3, 2, 13, 'Where is this conversation most likely taking place?', '2017-06-03'),
(17, 3, 2, 13, 'What does Katie want the man to do?', '2017-06-03'),
(18, 3, 2, 13, 'What is NOT true?', '2017-06-03'),
(19, 3, 2, 14, 'What does the man ask Bridget to do?', '2017-06-03'),
(20, 3, 2, 14, 'Why can''t Bridget help immediately?', '2017-06-03'),
(21, 3, 2, 14, 'Where do the speakers most likely work?', '2017-06-03'),
(22, 3, 2, 15, 'Why is the woman calling the man?', '2017-06-03'),
(23, 3, 2, 15, 'What is the woman having trouble with?', '2017-06-03'),
(24, 3, 2, 15, 'What does the man promise to do?', '2017-06-03'),
(25, 3, 3, 16, 'What is the purpose of the man''s phone call?', '2017-06-08'),
(26, 3, 3, 16, 'What does the woman imply?', '2017-06-08'),
(27, 3, 3, 16, 'How does the man convince the woman to donate?', '2017-06-08'),
(28, 3, 3, 17, 'When is this conversation most likely taking place?', '2017-06-08'),
(29, 3, 3, 17, 'What is the man''s current position?', '2017-06-08'),
(30, 3, 3, 17, 'What can be inferred about the man?', '2017-06-08'),
(31, 5, 2, 18, 'The new prices are _____ on March 1st.', '2017-06-03'),
(32, 5, 2, 18, 'Martin and Scott will give _____ presentation tomorrow.', '2017-06-03'),
(33, 5, 2, 18, 'Orders for banquet tickets will be _____ this afternoon.', '2017-06-03'),
(34, 5, 2, 18, 'Will the last person leaving the office please remember to _____ the lights?', '2017-06-03'),
(35, 5, 2, 18, 'The Butler Building is _____ the corner of Fifth and Vine.', '2017-06-03'),
(36, 5, 2, 18, 'All our steaks are seared in the oven, and then seasoned to _____.', '2017-06-03'),
(37, 5, 2, 18, 'Would you mind _____ me the phone, please.', '2017-06-03'),
(38, 5, 2, 18, 'The play''s long run on Broadway will _____ come to an end tonight.', '2017-06-03'),
(39, 5, 2, 18, 'The bank is closed now, _____ you will have to wait until tomorrow to make the deposit.', '2017-06-03'),
(40, 5, 2, 18, 'Could I see your driver''s _____ please?', '2017-06-03'),
(41, 5, 3, 18, 'We''re _____ copy paper. Could you please order some more?', '2017-06-03'),
(42, 5, 2, 18, 'Lowman Bros. Inc. cordially ____ you to its annual fund-raising dinner.', '2017-06-03'),
(43, 5, 2, 18, 'The contract _____ on Dec. 31st.', '2017-06-03'),
(44, 5, 2, 18, 'If my flight is on time, I should be _____ your office by 2 o''clock.', '2017-06-03'),
(45, 5, 2, 18, 'Ace Architecture was honored for its commitment to green, _____ development.', '2017-06-03'),
(46, 5, 2, 18, 'Knowledge of computers is a ______ for this position.', '2017-06-03'),
(47, 5, 2, 18, 'Juan had just finished ______ the project when Keith walked in.', '2017-06-03'),
(48, 5, 2, 18, 'Unlike our competitors, who opened too many stores last year, we need to expand ______.', '2017-06-03'),
(49, 5, 2, 18, '______ the economy improves soon, we will have to have another round of layoffs.', '2017-06-03'),
(50, 5, 3, 18, 'Have you ever ______ to Geneva?', '2017-06-03'),
(51, 5, 2, 18, 'Increased sales of its new smart phone application have put the firm in the ______ this quarter.', '2017-06-03'),
(52, 5, 2, 18, 'You can exchange your item for something of equal or lesser value, provided you have the original ______.', '2017-06-03'),
(53, 5, 2, 18, 'Sampson & Sons Inc. will issue ______ annual report on the 19th.', '2017-06-03'),
(54, 5, 2, 18, 'I ______ while you were working out.', '2017-06-03'),
(55, 5, 2, 18, 'Please fill out the form and return it at your ______ convenience.', '2017-06-03'),
(56, 5, 2, 18, 'Flying would have ______ almost twice as much as taking the train.', '2017-06-03'),
(57, 5, 2, 18, 'I''ll have the estimate for the painting ready for you in a ______ more days.', '2017-06-03'),
(58, 5, 2, 18, 'Congratulations on your _____ to senior vice president.', '2017-06-03'),
(59, 5, 2, 18, 'We did not hire John Delany due to ______ lack of previous experience.', '2017-06-03'),
(60, 5, 2, 18, 'If Kevin''s Cleaners ______ be willing to lower their fees by 10 percent, I''d be willing to contract with them.', '2017-06-03'),
(61, 5, 2, 18, 'We named him Washington, ______ the father of our country.', '2017-06-03'),
(62, 5, 2, 18, 'We believe that demand is driven largely by ______.', '2017-06-03'),
(63, 5, 1, 18, 'Are you ready ______ ?', '2017-06-03'),
(64, 5, 1, 18, 'Could I have tea ______ coffee?', '2017-06-03'),
(65, 5, 2, 18, 'The company''s board of directors rejected ACJ''s hostile ______ bid.', '2017-06-03'),
(66, 5, 2, 18, 'Bonus pay is ______ upon the quality of your performance.', '2017-06-03'),
(67, 5, 2, 18, 'Mr. Morgan is out of the office right now, ______ I expect him back shortly.', '2017-06-03'),
(68, 5, 2, 18, 'A federal ______ prevented Mega Bank''s financial failure.', '2017-06-03'),
(69, 5, 2, 18, 'The bond will mature on Dec. 31st, 2020, or the holder''s 60th birthday, ______ comes first.', '2017-06-03'),
(70, 5, 2, 18, 'Because the firm was losing money, Susan was ______ from her management position.', '2017-06-03'),
(71, 1, 3, 19, '', '2017-06-05'),
(72, 1, 3, 20, '', '2017-06-05'),
(73, 1, 1, 21, '', '2017-06-05'),
(74, 1, 2, 22, '', '2017-06-05'),
(75, 1, 2, 23, '', '2017-06-05'),
(76, 1, 3, 24, '', '2017-06-05'),
(77, 1, 3, 25, '', '2017-06-05'),
(78, 1, 3, 26, '', '2017-06-05'),
(79, 1, 1, 27, '', '2017-06-05'),
(80, 1, 1, 28, '', '2017-06-05'),
(81, 1, 2, 29, '', '2017-06-05'),
(82, 1, 1, 30, '', '2017-06-05'),
(83, 1, 2, 31, '', '2017-06-05'),
(84, 1, 1, 32, '', '2017-06-05'),
(85, 1, 2, 33, '', '2017-06-05'),
(86, 1, 1, 34, '', '2017-06-05'),
(87, 1, 1, 35, '', '2017-06-05'),
(88, 1, 2, 36, '', '2017-06-05'),
(89, 1, 1, 37, '', '2017-06-05'),
(90, 1, 1, 38, '', '2017-06-05'),
(91, 1, 2, 39, '', '2017-06-05'),
(92, 1, 1, 40, '', '2017-06-05'),
(93, 2, 1, 41, '', '2017-06-05'),
(94, 2, 1, 42, '', '2017-06-05'),
(95, 2, 1, 43, '', '2017-06-05'),
(96, 2, 1, 44, '', '2017-06-05'),
(97, 2, 1, 45, '', '2017-06-05'),
(98, 2, 1, 46, '', '2017-06-05'),
(99, 2, 1, 47, '', '2017-06-05'),
(100, 2, 1, 48, '', '2017-06-05'),
(101, 2, 1, 49, '', '2017-06-05'),
(102, 2, 1, 50, '', '2017-06-05'),
(103, 2, 1, 51, '', '2017-06-05'),
(104, 2, 1, 52, '', '2017-06-05'),
(105, 2, 1, 53, '', '2017-06-05'),
(106, 2, 1, 54, '', '2017-06-05'),
(107, 2, 1, 55, '', '2017-06-05'),
(108, 2, 1, 56, '', '2017-06-05'),
(109, 2, 1, 57, '', '2017-06-05'),
(110, 2, 2, 58, '', '2017-06-05'),
(111, 2, 2, 59, '', '2017-06-05'),
(112, 2, 2, 60, '', '2017-06-05'),
(113, 2, 2, 61, '', '2017-06-05'),
(114, 2, 2, 62, '', '2017-06-05'),
(115, 2, 2, 63, '', '2017-06-05'),
(116, 2, 2, 64, '', '2017-06-05'),
(117, 2, 2, 65, '', '2017-06-05'),
(118, 2, 2, 66, '', '2017-06-05'),
(119, 2, 2, 67, '', '2017-06-05'),
(120, 2, 3, 68, '', '2017-06-05'),
(121, 2, 3, 69, '', '2017-06-05'),
(122, 2, 3, 70, '', '2017-06-05'),
(123, 2, 3, 71, '', '2017-06-05'),
(124, 2, 3, 75, '', '2017-06-05'),
(125, 2, 3, 76, '', '2017-06-05'),
(126, 2, 3, 78, '', '2017-06-05'),
(127, 2, 3, 79, '', '2017-06-05'),
(128, 4, 1, 80, 'Who most likely are the visitors?', '2017-06-05'),
(129, 4, 1, 80, 'What will happen at 2:00?', '2017-06-05'),
(130, 4, 1, 80, 'How long will the visitors be on their own?', '2017-06-05'),
(131, 4, 1, 81, 'Who most likely is the speaker?', '2017-06-05'),
(132, 4, 1, 81, 'How many staff will the company employ when it opens?', '2017-06-05'),
(133, 4, 1, 81, 'Where was the first facility?', '2017-06-05'),
(134, 4, 1, 82, ' What is the reason for the call?', '2017-06-05'),
(135, 4, 1, 82, 'What is Mr. Clifford asked to do?', '2017-06-05'),
(136, 4, 1, 82, 'When does Katie expect to hear from Mr. Clifford?', '2017-06-05'),
(137, 4, 1, 83, 'What is the announcement about?', '2017-06-05'),
(138, 4, 1, 83, ' How can employees find out the location of their new offices?', '2017-06-05'),
(139, 4, 1, 83, 'What are staff asked to do on Monday before they leave?', '2017-06-05'),
(140, 4, 1, 84, 'What is being advertised?', '2017-06-05'),
(141, 4, 1, 84, ' What is provided for dessert?', '2017-06-05'),
(142, 4, 1, 84, 'What does the speaker say about Chateau Francois?', '2017-06-05'),
(143, 4, 1, 85, 'What kind of business is the message for?', '2017-06-05'),
(144, 4, 1, 85, 'What time does the facility close on Fridays?', '2017-06-05'),
(145, 4, 2, 88, 'What is purpose of this announcement?', '2017-06-05'),
(146, 4, 1, 85, 'How can a caller speak with Edward Philips?', '2017-06-05'),
(147, 4, 2, 86, 'How long will you conference run?', '2017-06-05'),
(148, 4, 2, 86, 'What is the main subject of the conference?', '2017-06-05'),
(149, 4, 2, 86, 'What must conference participants do following the lectures?', '2017-06-05'),
(150, 4, 2, 87, 'When will the new system start?', '2017-06-05'),
(151, 4, 2, 87, 'What does the speaker say is the benefit to the change?', '2017-06-05'),
(152, 4, 2, 87, 'What does the speaker ask staff to do?', '2017-06-05'),
(153, 4, 2, 88, 'What is Ms. Williams’ position?', '2017-06-05'),
(154, 4, 2, 88, ' What can customers receive at no cost as they leave?', '2017-06-05'),
(155, 4, 2, 89, 'Who most likely is the speaker?', '2017-06-05'),
(156, 4, 2, 89, 'What accompanies the special dishes?', '2017-06-05'),
(157, 4, 2, 89, 'How much does the lavender mouse cake cost?', '2017-06-05'),
(158, 4, 3, 90, ' Why is the announcement being made?', '2017-06-05'),
(159, 4, 3, 90, 'Who should customers ask questions to?', '2017-06-05'),
(160, 4, 3, 90, 'What change will be introduced next week?', '2017-06-05'),
(161, 4, 3, 91, 'What is the man calling about?', '2017-06-05'),
(162, 4, 3, 91, 'Where can Ms. Damon expect to receive the delivery?', '2017-06-05'),
(163, 4, 3, 91, 'When can Ms. Damon expect the delivery?', '2017-06-05'),
(164, 4, 3, 92, 'Who is Nathan East?', '2017-06-05'),
(165, 4, 3, 92, 'How does the speaker know Nathan East?', '2017-06-05'),
(166, 4, 3, 92, 'What does the speaker say about the audience?', '2017-06-05'),
(167, 4, 3, 93, 'Who is the subject of this report?', '2017-06-05'),
(168, 4, 3, 93, 'How old is Mr. Onawa?', '2017-06-05'),
(169, 4, 1, 94, 'Who is the speaker?', '2017-06-05'),
(170, 4, 1, 94, 'What is this announcement about?', '2017-06-05'),
(171, 4, 1, 94, 'According to the announcement, what will staff members receive?', '2017-06-05'),
(172, 6, 1, 95, '(1)', '2017-06-05'),
(173, 6, 1, 95, '(2)', '2017-06-05'),
(174, 6, 1, 95, '(3)', '2017-06-05'),
(175, 6, 1, 95, '(4)', '2017-06-05'),
(176, 6, 1, 96, '(1)', '2017-06-05'),
(177, 6, 1, 96, '(2)', '2017-06-05'),
(178, 6, 1, 96, '(3)', '2017-06-05'),
(179, 6, 1, 96, '(4)', '2017-06-05'),
(180, 6, 2, 97, '(1)', '2017-06-05'),
(181, 6, 2, 97, '(2)', '2017-06-05'),
(182, 6, 2, 97, '(3)', '2017-06-05'),
(183, 6, 2, 97, '(4)', '2017-06-05'),
(184, 6, 2, 98, '(1)', '2017-06-05'),
(185, 6, 2, 98, '(2)', '2017-06-05'),
(186, 6, 2, 98, '(3)', '2017-06-05'),
(187, 6, 2, 98, '(4)', '2017-06-05'),
(188, 6, 3, 99, '(1)', '2017-06-05'),
(189, 6, 3, 99, '(2)', '2017-06-05'),
(190, 6, 3, 99, '(3)', '2017-06-05'),
(191, 6, 3, 99, '(4)', '2017-06-05'),
(192, 6, 3, 100, '(1)', '2017-06-05'),
(193, 6, 3, 100, '(2)', '2017-06-05'),
(194, 6, 3, 100, '(3)', '2017-06-05'),
(195, 6, 3, 100, '(4)', '2017-06-05'),
(196, 7, 1, 101, ' What is this article about?', '2017-06-05'),
(197, 7, 1, 101, 'Where does the writer assume the readers may have old issues of this magazine?', '2017-06-05'),
(198, 7, 1, 101, 'Which is the most valuable issue of this magazine?', '2017-06-05'),
(199, 7, 1, 102, 'Which part of the highway will have lane closures?', '2017-06-05'),
(200, 7, 1, 102, 'Who is authorizing the lane closures?', '2017-06-05'),
(201, 7, 1, 102, 'Which of the following exits will NOT be in the affected area?', '2017-06-05'),
(202, 7, 1, 103, 'Why must employees give up two days’ pay at this time?', '2017-06-05'),
(203, 7, 1, 103, 'What is causing this budget crisis?', '2017-06-05'),
(204, 7, 1, 103, 'How will the days be taken off?', '2017-06-05'),
(205, 7, 1, 104, 'Who decided that Michael O’Brien should be released from prison?', '2017-06-05'),
(206, 7, 1, 104, 'What has Mr. O’Brien been convicted of?', '2017-06-05'),
(207, 7, 1, 104, 'The word “commit” in line 5 is closest in meaning to', '2017-06-05'),
(208, 7, 1, 104, ' What is upsetting Mr. O’Brien?', '2017-06-05'),
(209, 7, 1, 105, 'How long is Financial Success with Sonya Ozman on the air?', '2017-06-05'),
(210, 7, 1, 105, 'How many different shows about business are being televised in this schedule?', '2017-06-05'),
(211, 7, 1, 105, 'Which financial show is replaced on the same station?', '2017-06-05'),
(212, 7, 1, 105, 'Which station shows only business programs?', '2017-06-05'),
(213, 7, 1, 105, 'The word “Unit” in line 3 of the first box is closest in meaning to', '2017-06-05'),
(214, 7, 2, 106, 'When does the ad say you would be able to study for a career?', '2017-06-05'),
(215, 7, 2, 106, 'How long would it take you to get a degree in accounting?', '2017-06-05'),
(216, 7, 2, 107, 'What device are these instructions for?', '2017-06-05'),
(217, 7, 2, 107, 'What should you do if the battery is not charging?', '2017-06-05'),
(218, 7, 2, 107, 'What should you do if the device fails to charge properly?', '2017-06-05'),
(219, 7, 2, 108, 'How many ways can you buy merchandise at “Trendy Male”', '2017-06-05'),
(220, 7, 2, 108, 'If you buy a shirt on sale for $46.00 how much will you pay for another, similar shirt?', '2017-06-05'),
(221, 7, 2, 108, 'How long will this offer last?', '2017-06-05'),
(222, 7, 2, 109, 'What is the purpose of this notice?', '2017-06-05'),
(223, 7, 2, 109, 'What should tenants do if they hear the fire alarm during 8:30 and 10:00?', '2017-06-06'),
(224, 7, 3, 110, 'What is the purpose of this letter?', '2017-06-05'),
(225, 7, 3, 110, 'How can the customer complete the form?', '2017-06-05'),
(226, 7, 3, 110, 'Who did the customer speak with?', '2017-06-05'),
(227, 7, 3, 111, 'What should you do to call someone in another city?', '2017-06-05'),
(228, 7, 3, 111, 'If you dial 9 567 555 1014, what information can you find out?', '2017-06-05'),
(229, 7, 3, 111, 'How can you ask someone to clean your room?', '2017-06-05'),
(230, 7, 3, 112, 'What can you do at the job fair?', '2017-06-05'),
(231, 7, 3, 112, 'Where will the job fair be held?', '2017-06-05'),
(232, 8, 1, 113, 'How long was the shipment in transit?', '2017-06-05'),
(233, 8, 1, 113, 'What did Mr. Simpson write the letter?', '2017-06-05'),
(234, 8, 1, 113, 'How much a model D computer stand cost?', '2017-06-05'),
(235, 8, 1, 113, 'How many watercoolers did Mr. Simpson order?', '2017-06-05'),
(236, 8, 1, 113, 'What happened when Mr. Simpson called the Customer Service number?', '2017-06-05'),
(237, 8, 1, 114, 'Who should attend the meeting on Thursday?', '2017-06-05'),
(238, 8, 1, 114, 'Where will the meeting take place?', '2017-06-05'),
(239, 8, 1, 114, 'When will Mr. Richards go to Sydney?', '2017-06-05'),
(240, 8, 1, 114, 'Who worked on a report with Mr. Richards?', '2017-06-05'),
(241, 8, 1, 114, 'What will Mr. Richards leave for Ms. Santelli?', '2017-06-05'),
(242, 8, 1, 115, 'What is the name of the hotel’s events manager?', '2017-06-05'),
(243, 8, 1, 115, 'What is the main purpose of the banquet mentioned in the email?', '2017-06-05'),
(244, 8, 1, 115, ' When will the banquet take place?', '2017-06-05'),
(245, 8, 1, 115, 'How many guests will be invited to the banquet?', '2017-06-05'),
(246, 8, 1, 115, 'Which type of meal would be of interest to the banquet planner?', '2017-06-05'),
(247, 8, 2, 116, 'What time does the earliest train arrive in Kohlberg?', '2017-06-05'),
(248, 8, 2, 116, 'How long is a nonstop trip between Mitteldorf and Kohlberg?', '2017-06-05'),
(249, 8, 2, 116, 'Which train does Ms. Heinz plan to take on Tuesday?', '2017-06-05'),
(250, 8, 2, 116, ' How much will Ms. Heinz pay for her round-trip ticket?', '2017-06-05'),
(251, 8, 2, 116, 'When does Ms. Heinz want to arrive in Mitteldorf on her return?', '2017-06-05'),
(252, 8, 2, 117, 'Who was the party for?', '2017-06-05'),
(253, 8, 2, 117, ' When did Tom write the email?', '2017-06-05'),
(254, 8, 2, 117, 'Why couldn’t Tom attend the party?', '2017-06-05'),
(255, 8, 2, 117, 'How much money was raised for the gift?', '2017-06-05'),
(256, 8, 2, 117, 'What did Tom send to the party?', '2017-06-05'),
(257, 8, 2, 118, 'According to the ad, what will the new office assistant have to do?', '2017-06-05'),
(258, 8, 2, 118, 'What kind of computer program does Lu Wang know how to use?', '2017-06-05'),
(259, 8, 2, 118, 'What kind of job does Lu Wang want in the future?', '2017-06-05'),
(260, 8, 2, 118, 'What is Lu Wang doing now?', '2017-06-05'),
(261, 8, 2, 118, 'What has Lu Wang enclosed with her letter?', '2017-06-05'),
(262, 8, 3, 119, 'What is Pamela Lopez’s job?', '2017-06-05'),
(263, 8, 3, 119, 'What time did Pamela Lopez call Harry Pak?', '2017-06-05'),
(264, 8, 3, 119, 'When does Harry Pak want to start his trip?', '2017-06-05'),
(265, 8, 3, 119, 'Which hotel does Harry Pak want to stay at?', '2017-06-05'),
(266, 8, 3, 119, 'When will Mr. Pak take a vacation at the beach?', '2017-06-05'),
(267, 8, 3, 120, 'What form of payment is NOT accepted by the dental office?', '2017-06-05'),
(268, 8, 2, 120, 'If a patient has an emergency on Saturday morning, what number should he call?', '2017-06-05'),
(269, 8, 3, 120, 'What will Jim Wilson do this afternoon?', '2017-06-05'),
(270, 8, 3, 120, 'How much will Jim Wilson pay for his appointment today?', '2017-06-05'),
(271, 8, 3, 120, 'What day of the week will Jim Wilson’s next appointment be?', '2017-06-05'),
(272, 9, 1, 121, '', '2017-06-17'),
(273, 9, 1, 122, '', '2017-06-17'),
(274, 9, 1, 123, '', '2017-06-17'),
(275, 9, 1, 124, '', '2017-06-17'),
(276, 9, 1, 125, '', '2017-06-17'),
(277, 9, 1, 126, '', '2017-06-17'),
(278, 9, 1, 127, '', '2017-06-17'),
(279, 9, 1, 128, '', '2017-06-17'),
(280, 9, 1, 129, '', '2017-06-17'),
(281, 9, 1, 130, '', '2017-06-17'),
(282, 9, 2, 131, '', '2017-06-17'),
(283, 9, 2, 132, '', '2017-06-17'),
(284, 9, 2, 133, '', '2017-06-17'),
(285, 9, 2, 134, '', '2017-06-17'),
(286, 9, 2, 135, '', '2017-06-17'),
(287, 9, 2, 136, '', '2017-06-17'),
(288, 9, 2, 138, '', '2017-06-17'),
(289, 9, 2, 128, '', '2017-06-17'),
(290, 9, 2, 139, '', '2017-06-17'),
(291, 9, 2, 140, '', '2017-06-17'),
(292, 9, 3, 141, '', '2017-06-17'),
(293, 9, 3, 142, '', '2017-06-17'),
(294, 9, 3, 143, '', '2017-06-17'),
(295, 9, 3, 144, '', '2017-06-17'),
(296, 9, 3, 145, '', '2017-06-17'),
(297, 9, 3, 146, '', '2017-06-17'),
(298, 9, 3, 147, '', '2017-06-17'),
(299, 9, 3, 148, '', '2017-06-17'),
(300, 9, 3, 149, '', '2017-06-17'),
(301, 9, 3, 150, '', '2017-06-17'),
(302, 10, 1, 151, '', '2017-06-17'),
(303, 10, 1, 152, '', '2017-06-17'),
(304, 10, 1, 153, '', '2017-06-17'),
(305, 10, 2, 154, '', '2017-06-17'),
(306, 10, 2, 155, '', '2017-06-17'),
(307, 10, 2, 156, '', '2017-06-17'),
(308, 10, 2, 157, '', '2017-06-17'),
(309, 10, 2, 158, '', '2017-06-17'),
(310, 10, 3, 159, '', '2017-06-17'),
(311, 10, 3, 160, '', '2017-06-17'),
(312, 10, 1, 161, '', '2017-06-17'),
(313, 10, 1, 162, '', '2017-06-17'),
(314, 10, 1, 163, '', '2017-06-17'),
(315, 10, 1, 164, '', '2017-06-17'),
(316, 10, 1, 165, '', '2017-06-17'),
(317, 10, 2, 166, '', '2017-06-17'),
(318, 10, 2, 167, '', '2017-06-17'),
(319, 10, 2, 168, '', '2017-06-17'),
(320, 10, 3, 169, '', '2017-06-17'),
(321, 10, 3, 170, '', '2017-06-17'),
(322, 10, 1, 171, '', '2017-06-17'),
(323, 10, 1, 172, '', '2017-06-17'),
(324, 10, 2, 173, '', '2017-06-17'),
(325, 10, 2, 174, '', '2017-06-17'),
(326, 10, 2, 175, '', '2017-06-17'),
(327, 10, 2, 176, '', '2017-06-17'),
(328, 10, 3, 177, '', '2017-06-17'),
(329, 10, 3, 178, '', '2017-06-17'),
(330, 10, 3, 179, '', '2017-06-17'),
(331, 10, 3, 180, '', '2017-06-17'),
(332, 10, 1, 181, '', '2017-06-17'),
(333, 10, 1, 182, '', '2017-06-17'),
(334, 10, 1, 183, '', '2017-06-17'),
(335, 10, 1, 184, '', '2017-06-17'),
(336, 10, 1, 185, '', '2017-06-17'),
(337, 10, 1, 186, '', '2017-06-17'),
(338, 10, 2, 187, '', '2017-06-17'),
(339, 10, 2, 188, '', '2017-06-17'),
(340, 10, 3, 189, '', '2017-06-17'),
(341, 10, 1, 190, '', '2017-06-17'),
(342, 10, 1, 191, '', '2017-06-17'),
(343, 10, 1, 192, '', '2017-06-17'),
(344, 10, 1, 193, '', '2017-06-17'),
(345, 10, 2, 194, '', '2017-06-17'),
(346, 10, 2, 195, '', '2017-06-17'),
(347, 10, 2, 196, '', '2017-06-17'),
(348, 10, 3, 197, '', '2017-06-17'),
(349, 10, 3, 198, '', '2017-06-17'),
(350, 10, 3, 199, '', '2017-06-17'),
(351, 10, 1, 200, '', '2017-06-17'),
(352, 10, 1, 201, '', '2017-06-17'),
(353, 10, 1, 202, '', '2017-06-17'),
(354, 10, 1, 203, '', '2017-06-17'),
(355, 10, 2, 204, '', '2017-06-17'),
(356, 10, 2, 205, '', '2017-06-17'),
(357, 10, 3, 206, '', '2017-06-17'),
(358, 10, 3, 207, '', '2017-06-17'),
(359, 10, 3, 208, '', '2017-06-17'),
(360, 10, 3, 209, '', '2017-06-17'),
(361, 10, 2, 210, '', '2017-06-17'),
(362, 10, 2, 211, '', '2017-06-17'),
(363, 10, 3, 212, '', '2017-06-17'),
(364, 10, 3, 213, '', '2017-06-17'),
(365, 10, 3, 214, '', '2017-06-17'),
(366, 10, 3, 215, '', '2017-06-17'),
(367, 10, 3, 216, '', '2017-06-17'),
(368, 10, 3, 217, '', '2017-06-17'),
(369, 10, 3, 218, '', '2017-06-17'),
(370, 10, 3, 218, '', '2017-06-17'),
(371, 11, 1, 220, 'Why does the woman think their coworkers will be angry?', '2017-06-17'),
(372, 11, 1, 220, 'Why isn’t the man leaving at the same time as the woman?', '2017-06-17'),
(373, 11, 1, 220, 'Where do the man and woman have to go?', '2017-06-17'),
(374, 11, 1, 221, 'What does the woman expect to find in the reports?', '2017-06-17'),
(375, 11, 1, 221, 'What does the man recommend the woman do?', '2017-06-17'),
(376, 11, 1, 221, 'Where has woman been?', '2017-06-17'),
(377, 11, 1, 222, 'How does the woman feel about the computer?', '2017-06-17'),
(378, 11, 1, 222, 'Why is the man pleased with the computer?', '2017-06-17'),
(379, 11, 1, 222, 'Who bought the new computer?', '2017-06-17'),
(380, 11, 1, 223, 'What is the man’s problem?', '2017-06-17'),
(381, 11, 1, 223, 'Where did Beckwith and Drum relocate to?', '2017-06-17'),
(382, 11, 1, 223, 'How can the man contact the new office?', '2017-06-17'),
(383, 11, 1, 224, 'Who wants to talk to the man?', '2017-06-17'),
(384, 11, 1, 224, 'Why doesn’t the man take the call?', '2017-06-17'),
(385, 11, 1, 224, 'How much paper does the man want?', '2017-06-17'),
(386, 11, 1, 225, 'What do the man and woman need to discuss?', '2017-06-17'),
(387, 11, 1, 225, 'When are they going to meet?', '2017-06-17'),
(388, 11, 1, 225, 'What will the man provide for the woman?', '2017-06-17'),
(389, 11, 1, 226, 'What are the speakers talking about?', '2017-06-17'),
(390, 11, 1, 226, 'What difficulty did the woman have?', '2017-06-17'),
(391, 11, 1, 226, 'Why does the man want advice from the woman?', '2017-06-17'),
(392, 11, 1, 227, 'Where does the woman want to go?', '2017-06-17'),
(393, 11, 1, 227, 'Which of the following statements is true?', '2017-06-17'),
(394, 11, 1, 227, 'When will the woman be returning?', '2017-06-17'),
(395, 11, 2, 228, 'What does the manager want to do?', '2017-06-17'),
(396, 11, 2, 228, ' How does the woman feel about the manager’s demands?', '2017-06-17'),
(397, 11, 2, 228, 'What is one option the man will consider to cut costs?', '2017-06-17'),
(398, 11, 2, 229, 'How long is the product repaired without being charged?', '2017-06-17'),
(399, 11, 2, 229, 'What is needed to get the computer fixed free of charge?', '2017-06-17'),
(400, 11, 2, 229, 'How much did the man think he would have to pay?', '2017-06-17'),
(401, 11, 2, 230, 'What is the purpose of the talk?', '2017-06-17'),
(402, 11, 2, 230, 'Why do the guests have to follow the policy?', '2017-06-17'),
(403, 11, 2, 230, 'Why doesn’t the woman have a reservation?', '2017-06-17'),
(404, 11, 2, 231, 'Where will the man go before lunch?', '2017-06-17'),
(405, 11, 2, 231, 'How does the woman know that the prices there are reasonable?', '2017-06-17'),
(406, 11, 2, 231, 'What is the man concerned about?', '2017-06-17'),
(407, 11, 2, 232, 'What does the man ask the woman to do?', '2017-06-17'),
(408, 11, 2, 232, 'When was the survey conducted?', '2017-06-17'),
(409, 11, 2, 232, 'What will the man do next?', '2017-06-17'),
(410, 11, 2, 233, 'What’s said to be wrong?', '2017-06-17'),
(411, 11, 2, 233, 'What does she suggest to the man?', '2017-06-17'),
(412, 11, 2, 233, 'Why does the woman know how to solve the man’s problem?', '2017-06-17'),
(413, 11, 3, 234, 'What did Sue get this year?', '2017-06-17'),
(414, 11, 3, 234, 'What is the reason for her not getting the benefits?', '2017-06-17'),
(415, 11, 3, 234, 'What do the man and woman say about Sue?', '2017-06-17'),
(416, 11, 3, 235, 'Where is the conversation taking place?', '2017-06-17'),
(417, 11, 3, 235, 'Why does Jane not want to go to their regular restaurant today?', '2017-06-17'),
(418, 11, 3, 235, 'What did Sean mention about the new place?', '2017-06-17'),
(419, 11, 3, 236, 'What is the man’s occupation?', '2017-06-17'),
(420, 11, 3, 236, 'Why does the man ask the woman to give him some time?', '2017-06-17'),
(421, 11, 3, 236, 'Where did the woman go earlier?', '2017-06-17'),
(422, 11, 3, 237, 'Why did the man not go out today?', '2017-06-17'),
(423, 11, 3, 237, 'Why did the woman come to the office?', '2017-06-17'),
(424, 11, 3, 237, 'What does the man suggest the woman should do?', '2017-06-17'),
(425, 11, 3, 238, 'Why is the man calling?', '2017-06-17'),
(426, 11, 3, 238, 'What problems does the woman mention?', '2017-06-17'),
(427, 11, 3, 238, 'What does the man say he will do?', '2017-06-17'),
(428, 11, 3, 239, 'What are the speakers mainly discussing?', '2017-06-17'),
(429, 11, 3, 239, 'What will happen at 5:00?', '2017-06-17'),
(430, 11, 3, 239, 'Who is waiting for the items?', '2017-06-17'),
(431, 11, 3, 240, 'What did the woman do recently?', '2017-06-17'),
(432, 11, 3, 240, 'What will happen in a month?', '2017-06-17'),
(433, 11, 3, 240, 'What field do the speakers work in?', '2017-06-17');

-- --------------------------------------------------------

--
-- Table structure for table `cau_tra_loi`
--

CREATE TABLE IF NOT EXISTS `cau_tra_loi` (
  `ma_cau_tra_loi` int(11) NOT NULL AUTO_INCREMENT,
  `ma_cau_hoi` int(11) DEFAULT NULL,
  `dap_an_tra_loi` varchar(2000) DEFAULT NULL,
  `ket_qua` int(11) DEFAULT NULL,
  PRIMARY KEY (`ma_cau_tra_loi`),
  KEY `ma_cau_hoi` (`ma_cau_hoi`)
) ENGINE=InnoDB  DEFAULT CHARSET=utf8 AUTO_INCREMENT=1629 ;

--
-- Dumping data for table `cau_tra_loi`
--

INSERT INTO `cau_tra_loi` (`ma_cau_tra_loi`, `ma_cau_hoi`, `dap_an_tra_loi`, `ket_qua`) VALUES
(1, 1, 'In an office', 0),
(2, 1, 'In a restaurant', 1),
(3, 1, 'In a gymnasium', 0),
(4, 1, 'In a grocery store', 0),
(5, 2, 'What kind he wants', 0),
(6, 2, 'How much it costs', 0),
(7, 2, 'How he wants it cooked', 1),
(8, 2, 'When she should serve it', 0),
(9, 3, 'Ranch, please.', 1),
(10, 3, 'No thank you.', 0),
(11, 3, 'That would be fine.', 0),
(12, 3, 'A blue dress.', 0),
(13, 4, 'Busboy', 0),
(14, 4, 'Cashier', 1),
(15, 4, 'Doorkeeper', 0),
(16, 4, 'Accountant', 0),
(17, 5, 'He charged the woman the wrong price.', 0),
(18, 5, 'He sold the woman the wrong product.', 0),
(19, 5, 'He sold the woman the wrong product.', 0),
(20, 5, 'He gave the woman the wrong change.', 1),
(21, 6, 'Give her four quarters for a dollar.', 0),
(22, 6, 'Charge her an extra $10.', 0),
(23, 6, 'Make change for a $10 bill.', 1),
(24, 6, 'Sell her $10 worth of groceries.', 0),
(25, 7, 'Business cards', 1),
(26, 7, 'Work orders', 0),
(27, 7, 'Project reports', 0),
(28, 7, 'Changing jobs', 0),
(29, 8, 'The company''s address might change.', 1),
(30, 8, 'Business cards cost too much money.', 0),
(31, 8, 'Raymond told Stephen about a mistake.', 0),
(32, 8, 'She is likely to be promoted to manager.', 0),
(33, 9, 'Angry', 0),
(34, 9, 'Floored', 0),
(35, 9, 'Surprised', 1),
(36, 9, 'Encouraged', 0),
(37, 10, 'An architect', 0),
(38, 10, 'A landlord', 0),
(39, 10, 'A realtor', 1),
(40, 10, 'An insurance agent', 0),
(41, 11, 'A condominium', 0),
(42, 11, 'An apartment', 0),
(43, 11, 'An office building', 0),
(44, 11, 'A house', 1),
(45, 12, 'View the home online', 0),
(46, 12, 'Buy the home', 0),
(47, 12, 'Visit the home', 1),
(48, 12, 'Take pictures', 0),
(49, 13, 'Painting estimates', 1),
(50, 13, 'Budgeting concerns', 0),
(51, 13, 'Starting times', 0),
(52, 13, 'Contract terms', 0),
(53, 14, 'They are unreliable.', 0),
(54, 14, 'They have high quality.', 1),
(55, 14, 'They charge the lowest price.', 0),
(56, 14, 'They cannot start immediately.', 0),
(57, 15, 'Negotiate a lower price', 0),
(58, 15, 'Confirm a starting date', 0),
(59, 15, 'Adjust the budget', 0),
(60, 15, 'Respond to all the bidders', 1),
(61, 16, 'At a university', 0),
(62, 16, 'At a convention', 0),
(63, 16, 'In an office', 1),
(64, 16, 'In a supermarket', 0),
(65, 17, 'Interrupt Brad''s meeting.', 0),
(66, 17, 'Call Jasmine', 0),
(67, 17, 'Give Brad a message', 1),
(68, 17, 'Correct two invoices', 0),
(69, 18, 'Katie works in accounting.', 0),
(70, 18, 'Brad will be free at 11 o''clock.', 1),
(71, 18, 'Brad is in a meeting.', 0),
(72, 18, 'The man will tell Brad that Katie called.', 0),
(73, 19, 'Read a catalogue', 0),
(74, 19, 'Create mock pages', 0),
(75, 19, 'Buy some T-shirts', 0),
(76, 19, 'Check for errors', 1),
(77, 20, 'She has to finish another task.', 1),
(78, 20, 'She needs to make a phone call.', 0),
(79, 20, 'She is making some copies.', 0),
(80, 20, 'She is pricing T-shirts.', 0),
(81, 21, 'At a newspaper', 0),
(82, 21, 'At a clothing company', 1),
(83, 21, 'At a supermarket', 0),
(84, 21, 'At an insurance firm', 0),
(85, 22, 'To buy a dishwasher', 0),
(86, 22, 'To report a problem', 1),
(87, 22, 'To confirm an appointment', 0),
(88, 22, 'To request a refund', 0),
(89, 23, 'A utility', 0),
(90, 23, 'A tool', 0),
(91, 23, 'A warranty', 0),
(92, 23, 'An appliance', 1),
(93, 24, 'Refund the woman''s money', 0),
(94, 24, 'Replace the woman''s dishwasher', 0),
(95, 24, 'Send someone to the woman''s home', 1),
(96, 24, 'Charge the woman for a warranty', 0),
(97, 25, 'To solicit for charity', 1),
(98, 25, 'To promote a business', 0),
(99, 25, 'To request an interview', 0),
(100, 25, 'To offer an annual gift', 0),
(101, 26, 'She does not like the Mission Shelter''s work.', 0),
(102, 26, 'She has already donated money to another cause.', 0),
(103, 26, 'She does not have as much money as last year.', 1),
(104, 26, 'She dislikes phone calls from telemarketers.', 0),
(105, 27, 'He reminds her she can get a tax deduction.', 1),
(106, 27, 'He makes her feel guilty for neglecting the homeless.', 0),
(107, 27, 'He tells that she can wait until next year to help.', 0),
(108, 27, 'He promises to refund part of her contribution.', 0),
(109, 28, 'During an employee review', 0),
(110, 28, 'During a job interview', 1),
(111, 28, 'During a media report', 0),
(112, 28, 'During a sales meeting', 0),
(113, 29, 'Salesman', 0),
(114, 29, 'Department head', 1),
(115, 29, 'Vice president', 0),
(116, 29, 'CEO', 0),
(117, 30, 'He is inexperienced.', 0),
(118, 30, 'He is nervous.', 0),
(119, 30, 'He is confident.', 1),
(120, 30, 'He is immodest.', 0),
(121, 31, 'effect', 0),
(122, 31, 'effective', 1),
(123, 31, 'effecting', 0),
(124, 31, 'effected', 0),
(125, 32, 'his', 0),
(126, 32, 'its', 0),
(127, 32, 'their', 1),
(128, 32, 'theirselves', 0),
(129, 33, 'taken', 1),
(130, 33, 'given', 0),
(131, 33, 'played', 0),
(132, 33, 'stationed', 0),
(133, 34, 'shut down', 0),
(134, 34, 'close', 0),
(135, 34, 'turn off', 1),
(136, 34, 'cancel', 0),
(137, 35, 'In', 0),
(138, 35, 'against', 0),
(139, 35, 'between', 0),
(140, 35, 'on', 1),
(141, 36, 'prediction', 0),
(142, 36, 'perfection', 1),
(143, 36, 'perdition', 0),
(144, 36, 'permission', 0),
(145, 37, 'to bring', 0),
(146, 37, 'bringing', 1),
(147, 37, 'brought', 0),
(148, 37, 'brings', 0),
(149, 38, 'totally', 0),
(150, 38, 'very', 0),
(151, 38, 'temporarily', 0),
(152, 38, 'finally', 1),
(153, 39, 'so', 1),
(154, 39, 'as', 0),
(155, 39, 'because', 0),
(156, 39, 'and', 0),
(157, 40, 'card', 0),
(158, 40, 'permit', 0),
(159, 40, 'license', 1),
(160, 40, 'identification', 0),
(161, 41, 'through with', 0),
(162, 41, 'down to', 0),
(163, 41, 'out of', 1),
(164, 41, 'used up', 0),
(165, 42, 'invited', 0),
(166, 42, 'invites', 1),
(167, 42, 'invite', 0),
(168, 42, 'inviting', 0),
(169, 43, 'expunges', 0),
(170, 43, 'finishes', 0),
(171, 43, 'cancels', 0),
(172, 43, 'expires', 1),
(173, 44, 'at', 1),
(174, 44, 'near', 0),
(175, 44, 'over', 0),
(176, 44, 'ob', 0),
(177, 45, 'sustaining', 0),
(178, 45, 'sustained', 0),
(179, 45, 'sustainable', 1),
(180, 45, 'sustains', 0),
(181, 46, 'credential', 0),
(182, 46, 'requirement', 1),
(183, 46, 'legality', 0),
(184, 46, 'certificate', 0),
(185, 47, 'to review', 0),
(186, 47, 'reviewing', 1),
(187, 47, 'reviewed', 0),
(188, 47, 'reviews', 0),
(189, 48, 'quickly', 0),
(190, 48, 'exponentially', 0),
(191, 48, 'substantially', 0),
(192, 48, 'gradually', 1),
(193, 49, 'Unless', 1),
(194, 49, 'Until', 0),
(195, 49, 'If', 0),
(196, 49, 'Because', 0),
(197, 50, 'gone', 0),
(198, 50, 'come', 0),
(199, 50, 'been', 1),
(200, 50, 'went', 0),
(201, 51, 'red', 0),
(202, 51, 'green', 0),
(203, 51, 'black', 1),
(204, 51, 'yellow', 0),
(205, 52, 'recipe', 0),
(206, 52, 'reception', 0),
(207, 52, 'receptacle', 0),
(208, 52, 'receipt', 1),
(209, 53, 'their', 0),
(210, 53, 'its', 1),
(211, 53, 'his', 0),
(212, 53, 'our', 0),
(213, 54, 'was sleeping', 1),
(214, 54, 'had been sleeping', 0),
(215, 54, 'slept', 0),
(216, 54, 'sleep', 0),
(217, 55, 'soonest', 0),
(218, 55, 'least', 0),
(219, 55, 'earliest', 1),
(220, 55, 'quickest', 0),
(221, 56, 'spent', 0),
(222, 56, 'cost', 1),
(223, 56, 'lasted', 0),
(224, 56, 'paid', 0),
(225, 57, 'little', 0),
(226, 57, 'few', 1),
(227, 57, 'several', 0),
(228, 57, 'short', 0),
(229, 58, 'raise', 0),
(230, 58, 'qualification', 0),
(231, 58, 'advance', 0),
(232, 58, 'promotion', 1),
(233, 59, 'her', 0),
(234, 59, 'their', 0),
(235, 59, 'his', 1),
(236, 59, 'us', 0),
(237, 60, 'would', 1),
(238, 60, 'should', 0),
(239, 60, 'could', 0),
(240, 60, 'won''t', 0),
(241, 61, 'beside', 0),
(242, 61, 'after', 1),
(243, 61, 'over', 0),
(244, 61, 'before', 0),
(245, 62, 'scarcity', 1),
(246, 62, 'scariness', 0),
(247, 62, 'sacrifice', 0),
(248, 62, 'synchronicity', 0),
(249, 63, 'ordering', 0),
(250, 63, 'orders', 0),
(251, 63, 'to order', 1),
(252, 63, 'ordered', 0),
(253, 64, 'rather for', 0),
(254, 64, 'prefer to', 0),
(255, 64, 'better than', 0),
(256, 64, 'instead of', 1),
(257, 65, 'makeup', 0),
(258, 65, 'takeover', 1),
(259, 65, 'takeoff', 0),
(260, 65, 'pulldown', 0),
(261, 66, 'depending', 0),
(262, 66, 'dependent', 1),
(263, 66, 'depended', 0),
(264, 66, 'dependable', 0),
(265, 67, 'but', 1),
(266, 67, 'and', 0),
(267, 67, 'so', 0),
(268, 67, 'therefore', 0),
(269, 68, 'deposit', 0),
(270, 68, 'contribution', 0),
(271, 68, 'subsidy', 1),
(272, 68, 'donation', 0),
(273, 69, 'whenever', 0),
(274, 69, 'whatever', 0),
(275, 69, 'whichever', 1),
(276, 69, 'whoever', 0),
(277, 70, 'put out', 0),
(278, 70, 'pushed down', 0),
(279, 70, 'sent up', 0),
(280, 70, 'laid off', 1),
(281, 71, 'A', 0),
(282, 71, 'B', 0),
(283, 71, 'C', 0),
(284, 71, 'D', 1),
(285, 72, 'A', 0),
(286, 72, 'B', 0),
(287, 72, 'C', 1),
(288, 72, 'D', 0),
(289, 73, 'A', 1),
(290, 73, 'B', 0),
(291, 73, 'C', 0),
(292, 73, 'D', 0),
(293, 74, 'A', 0),
(294, 74, 'B', 0),
(295, 74, 'C', 1),
(296, 74, 'D', 0),
(297, 75, 'A', 0),
(298, 75, 'B', 0),
(299, 75, 'C', 1),
(300, 75, 'D', 0),
(301, 76, 'A', 1),
(302, 76, 'B', 0),
(303, 76, 'C', 0),
(304, 76, 'D', 0),
(305, 77, 'A', 0),
(306, 77, 'B', 0),
(307, 77, 'C', 0),
(308, 77, 'D', 1),
(309, 78, 'A', 0),
(310, 78, 'B', 1),
(311, 78, 'C', 0),
(312, 78, 'D', 0),
(313, 79, 'A', 0),
(314, 79, 'B', 0),
(315, 79, 'C', 0),
(316, 79, 'D', 1),
(317, 80, 'A', 0),
(318, 80, 'B', 1),
(319, 80, 'C', 0),
(320, 80, 'D', 0),
(321, 81, 'A', 0),
(322, 81, 'B', 1),
(323, 81, 'C', 0),
(324, 81, 'D', 0),
(325, 82, 'A', 0),
(326, 82, 'B', 1),
(327, 82, 'C', 0),
(328, 82, 'D', 0),
(329, 83, 'A', 0),
(330, 83, 'B', 0),
(331, 83, 'C', 0),
(332, 83, 'D', 1),
(333, 84, 'A', 1),
(334, 84, 'B', 0),
(335, 84, 'C', 0),
(336, 84, 'D', 0),
(337, 85, 'A', 0),
(338, 85, 'B', 0),
(339, 85, 'C', 0),
(340, 85, 'D', 1),
(341, 86, 'A', 0),
(342, 86, 'B', 0),
(343, 86, 'C', 0),
(344, 86, 'D', 1),
(345, 87, 'A', 1),
(346, 87, 'B', 0),
(347, 87, 'C', 0),
(348, 87, 'D', 0),
(349, 88, 'A', 0),
(350, 88, 'B', 0),
(351, 88, 'C', 1),
(352, 88, 'D', 0),
(353, 89, 'A', 1),
(354, 89, 'B', 0),
(355, 89, 'C', 0),
(356, 89, 'D', 0),
(357, 90, 'A', 0),
(358, 90, 'B', 0),
(359, 90, 'C', 1),
(360, 90, 'D', 0),
(361, 91, 'A', 0),
(362, 91, 'B', 0),
(363, 91, 'C', 0),
(364, 91, 'D', 1),
(365, 92, 'A', 0),
(366, 92, 'B', 0),
(367, 92, 'C', 1),
(368, 92, 'D', 0),
(369, 93, 'A', 0),
(370, 93, 'B', 0),
(371, 93, 'C', 1),
(372, 94, 'A', 1),
(373, 94, 'B', 0),
(374, 94, 'C', 0),
(375, 95, 'A', 1),
(376, 95, 'B', 0),
(377, 95, 'C', 0),
(378, 96, 'A', 0),
(379, 96, 'B', 1),
(380, 96, 'C', 0),
(381, 97, 'A', 0),
(382, 97, 'B', 1),
(383, 97, 'C', 0),
(384, 98, 'A', 0),
(385, 98, 'B', 0),
(386, 98, 'C', 1),
(387, 99, 'A', 0),
(388, 99, 'B', 1),
(389, 99, 'C', 0),
(390, 100, 'A', 0),
(391, 100, 'B', 1),
(392, 100, 'C', 0),
(393, 101, 'A', 0),
(394, 101, 'B', 0),
(395, 101, 'C', 1),
(396, 102, 'A', 0),
(397, 102, 'B', 1),
(398, 102, 'C', 0),
(399, 103, 'A', 0),
(400, 103, 'B', 1),
(401, 103, 'C', 0),
(402, 104, 'A', 0),
(403, 104, 'B', 0),
(404, 104, 'C', 1),
(405, 105, 'A', 1),
(406, 105, 'B', 0),
(407, 105, 'C', 0),
(408, 106, 'A', 0),
(409, 106, 'B', 1),
(410, 106, 'C', 0),
(411, 107, 'A', 0),
(412, 107, 'B', 1),
(413, 107, 'C', 0),
(414, 108, 'A', 0),
(415, 108, 'B', 1),
(416, 108, 'C', 0),
(417, 109, 'A', 1),
(418, 109, 'B', 0),
(419, 109, 'C', 0),
(420, 110, 'A', 1),
(421, 110, 'B', 0),
(422, 110, 'C', 0),
(423, 111, 'A', 0),
(424, 111, 'B', 1),
(425, 111, 'C', 0),
(426, 112, 'A', 1),
(427, 112, 'B', 0),
(428, 112, 'C', 0),
(429, 113, 'A', 0),
(430, 113, 'B', 1),
(431, 113, 'C', 0),
(432, 114, 'A', 0),
(433, 114, 'B', 0),
(434, 114, 'C', 1),
(435, 115, 'A', 0),
(436, 115, 'B', 1),
(437, 115, 'C', 0),
(438, 116, 'A', 0),
(439, 116, 'B', 1),
(440, 116, 'C', 0),
(441, 117, 'A', 1),
(442, 117, 'B', 0),
(443, 117, 'C', 0),
(444, 118, 'A', 0),
(445, 118, 'B', 1),
(446, 118, 'C', 0),
(447, 119, 'A', 0),
(448, 119, 'B', 0),
(449, 119, 'C', 1),
(450, 120, 'A', 1),
(451, 120, 'B', 0),
(452, 120, 'C', 0),
(453, 121, 'A', 0),
(454, 121, 'B', 1),
(455, 121, 'C', 0),
(456, 122, 'A', 1),
(457, 122, 'B', 0),
(458, 122, 'C', 0),
(459, 123, 'A', 1),
(460, 123, 'B', 0),
(461, 123, 'C', 0),
(462, 124, 'A', 0),
(463, 124, 'B', 1),
(464, 124, 'C', 0),
(465, 125, 'A', 0),
(466, 125, 'B', 0),
(467, 125, 'C', 1),
(468, 126, 'A', 0),
(469, 126, 'B', 1),
(470, 126, 'C', 0),
(471, 127, 'A', 1),
(472, 127, 'B', 0),
(473, 127, 'C', 0),
(474, 128, 'A semi-conductor plant', 0),
(475, 128, ' A famous museum', 0),
(476, 128, 'A large bakery’s facilities', 1),
(477, 128, 'A supermarket', 0),
(478, 129, 'The visitors will ask question', 0),
(479, 129, 'The guided part of the tour will end', 1),
(480, 129, 'The tasting rooms will close', 0),
(481, 129, 'The visitors can take photograph', 0),
(482, 130, '30 minutes', 0),
(483, 130, 'One hour', 0),
(484, 130, 'Two hours', 1),
(485, 130, 'Three hours', 0),
(486, 131, 'A construction crew member', 0),
(487, 131, 'A steel engineer', 0),
(488, 131, 'A plant supervisor', 0),
(489, 131, 'A company’s director', 1),
(490, 132, '50', 0),
(491, 132, '75', 0),
(492, 132, '100', 1),
(493, 132, '125', 0),
(494, 133, 'Milton', 1),
(495, 133, 'Portland', 0),
(496, 133, 'St. Louis', 0),
(497, 133, 'Rochester', 0),
(498, 134, 'To get Mr. Clifford’s contact information', 0),
(499, 134, 'To set up an installation', 0),
(500, 134, 'To discuss available Internet packages', 0),
(501, 134, 'To receive payment for a service', 1),
(502, 135, 'Send an e-mail', 0),
(503, 135, 'Call the company', 1),
(504, 135, 'Drop by the office', 0),
(505, 135, 'Register for services', 0),
(506, 136, 'On Monday, between 8 and 6 o’clock', 0),
(507, 136, 'As soon as possible', 1),
(508, 136, 'Before the installation date', 0),
(509, 136, ' After the payment due date', 0),
(510, 137, 'Employment opportunities with human resources', 0),
(511, 137, 'Information regarding interior decorating', 1),
(512, 137, 'Changes in the meeting schedules', 0),
(513, 137, 'Preparations for the board meeting', 0),
(514, 138, 'By phoning the human resources department', 1),
(515, 138, 'By speaking to their manager', 0),
(516, 138, 'By visiting the lobby of the building', 0),
(517, 138, 'By contacting Newport Painters', 0),
(518, 139, 'Clean up their workspace', 0),
(519, 139, 'Turn off their computers', 0),
(520, 139, 'Contact the human resources department', 0),
(521, 139, 'Put away confidential files', 1),
(522, 140, 'A trip to France', 0),
(523, 140, 'A restaurant', 1),
(524, 140, 'A hotel', 0),
(525, 140, 'A food market', 0),
(526, 141, 'A. Fruit juice', 0),
(527, 141, 'Fresh fish', 0),
(528, 141, 'Pastries', 1),
(529, 141, 'A glass of wine', 0),
(530, 142, 'The chef is world-renowned', 0),
(531, 142, ' It is open on weekends', 0),
(532, 142, 'The view from the deck is impressive', 1),
(533, 142, 'The lunch specials are inexpensive', 0),
(534, 143, 'A political candidate’s office', 0),
(535, 143, 'A university registrar’s office', 0),
(536, 143, 'City Hall in Washington, D.C.', 0),
(537, 143, 'A university library', 1),
(538, 144, '2 p.m.', 0),
(539, 144, '3 p.m.', 0),
(540, 144, '4 p.m.', 1),
(541, 144, '5 p.m.', 0),
(542, 145, 'To tell about special offers', 1),
(543, 145, 'To inform of a change in the store policy', 0),
(544, 145, 'To announce the store’s hours', 0),
(545, 145, 'To introduce sales associates', 0),
(546, 146, 'By accessing the list of faculty members', 0),
(547, 146, 'By speaking with the reception staff', 0),
(548, 146, 'By dialing extension 15', 1),
(549, 146, 'By visiting the library during regular hours', 0),
(550, 147, 'A day', 0),
(551, 147, 'Three days', 1),
(552, 147, 'A week', 0),
(553, 147, 'Three weeks', 0),
(554, 148, 'Management techniques', 0),
(555, 148, 'Organizational behavior', 1),
(556, 148, 'Tele-conference', 0),
(557, 148, 'Accounting', 0),
(558, 149, 'Raise questions on the lectures they’ve heard', 0),
(559, 149, ' Post their responses on the conference website', 1),
(560, 149, 'Meet with their colleagues', 0),
(561, 149, 'Submit a paper to Francis Lee', 0),
(562, 150, ' This afternoon', 0),
(563, 150, 'In two weeks', 0),
(564, 150, 'At the end of the month', 0),
(565, 150, 'Next month', 1),
(566, 151, 'More efficient communication', 1),
(567, 151, 'Prevent the loss of files', 0),
(568, 151, 'Better secure important data', 0),
(569, 151, 'Allow staff to work less hours', 0),
(570, 152, 'Obtain a new ID card', 0),
(571, 152, 'E-mail group files', 0),
(572, 152, 'Copy existing files', 1),
(573, 152, ' Rewrite files on the new server', 0),
(574, 153, 'Store manager', 1),
(575, 153, ' Computer programmer', 0),
(576, 153, 'Radio announcer', 0),
(577, 153, 'Restaurant staff', 0),
(578, 154, 'A fax machine', 0),
(579, 154, 'Computer paper', 0),
(580, 154, 'A store catalogue', 1),
(581, 154, 'A preferred customer card', 0),
(582, 155, 'A waiter', 1),
(583, 155, ' A food critic', 0),
(584, 155, 'A cook', 0),
(585, 155, 'A receptionist', 0),
(586, 156, 'Pastries', 0),
(587, 156, 'Soup', 1),
(588, 156, 'Rice', 0),
(589, 156, 'Dessert', 0),
(590, 157, 'Six dollars', 0),
(591, 157, 'Eight dollars', 1),
(592, 157, 'Fifteen dollars', 0),
(593, 157, 'Seventeen dollars', 0),
(594, 158, 'To direct people to customer service', 0),
(595, 158, ' To inform customers that the store is closing', 1),
(596, 158, 'To introduce the new manager on duty', 0),
(597, 158, 'To advertise the prices of produce', 0),
(598, 159, 'The manager', 1),
(599, 159, 'The cashier', 0),
(600, 159, 'The security guard', 0),
(601, 159, 'The customer service representative', 0),
(602, 160, 'A new cashier will be hired', 0),
(603, 160, 'Special discount will be introduced', 0),
(604, 160, 'The store will stay open longer', 1),
(605, 160, 'The store will receive a shipment', 0),
(606, 161, 'A document', 0),
(607, 161, 'An airline delay', 0),
(608, 161, 'A piece of luggage', 1),
(609, 161, 'A travel itinerary', 0),
(610, 162, ' At her hotel', 1),
(611, 162, 'At the post office', 0),
(612, 162, 'At the airport', 0),
(613, 162, 'At the security desk', 0),
(614, 163, 'This morning', 0),
(615, 163, 'This afternoon', 1),
(616, 163, 'Tomorrow morning', 0),
(617, 163, 'Tomorrow afternoon', 0),
(618, 164, 'An astronomer', 0),
(619, 164, 'An environmentalist', 1),
(620, 164, 'An urban planner', 0),
(621, 164, ' A chemist', 0),
(622, 165, 'She attended one of his previous talks', 1),
(623, 165, 'She assisted him on a research project', 0),
(624, 165, 'She dined with him on Tokyo', 0),
(625, 165, 'She was one of his students', 0),
(626, 166, 'It has lost some key members', 0),
(627, 166, 'It has done some exciting research', 0),
(628, 166, 'It is quite small in number', 1),
(629, 166, 'They are globally recognized', 0),
(630, 167, 'A pianist', 1),
(631, 167, 'A jazz artist', 0),
(632, 167, 'A radio announcer', 0),
(633, 167, 'A music critic', 0),
(634, 168, 'At 7:00 A.M', 0),
(635, 168, 'At 9:00 P.M', 1),
(636, 168, 'At 6:00 P.M.', 0),
(637, 168, 'At 8:00 P.M.', 0),
(638, 169, 'A sales representative', 0),
(639, 169, 'A company’s department head', 0),
(640, 169, 'A public relations officer', 0),
(641, 169, 'A newspaper journalist', 1),
(642, 170, 'A new job opportunity', 0),
(643, 170, 'A newspaper article', 0),
(644, 170, 'A new product', 0),
(645, 170, 'A rise in sales', 1),
(646, 171, 'New employees', 0),
(647, 171, 'Large office space', 0),
(648, 171, 'An increase in bonusc', 1),
(649, 171, 'The new product line', 0),
(650, 172, 'My', 0),
(651, 172, 'Our', 0),
(652, 172, 'Your', 1),
(653, 172, 'Their', 0),
(654, 173, 'Retired', 0),
(655, 173, 'Resigned', 0),
(656, 173, 'Departed', 1),
(657, 173, 'Graduated', 0),
(658, 174, ' Speedy', 0),
(659, 174, 'Speeded', 0),
(660, 174, 'Speeding', 0),
(661, 174, 'Speedily', 1),
(662, 175, 'Staying', 1),
(663, 175, 'Working', 0),
(664, 175, 'Looking', 0),
(665, 175, 'Existing', 0),
(666, 176, 'Transportation', 0),
(667, 176, 'Agriculture', 0),
(668, 176, 'Technology', 1),
(669, 176, 'Finance', 0),
(670, 177, 'To', 1),
(671, 177, 'Of', 0),
(672, 177, 'By', 0),
(673, 177, 'At', 0),
(674, 178, 'Debts', 0),
(675, 178, 'Products', 0),
(676, 178, 'Factories', 0),
(677, 178, 'Earnings', 1),
(678, 179, 'Cost', 0),
(679, 179, 'Costly', 1),
(680, 179, 'Coasted', 0),
(681, 179, 'Costing', 0),
(682, 180, 'Has been', 0),
(683, 180, 'Will be', 1),
(684, 180, 'Being', 0),
(685, 180, 'Was', 0),
(686, 181, 'Entertain', 0),
(687, 181, 'Entertainer', 0),
(688, 181, 'Entertaining', 0),
(689, 181, 'Entertainment', 1),
(690, 182, 'Vault', 0),
(691, 182, 'Ledger', 0),
(692, 182, 'Account', 1),
(693, 182, 'Entrance', 0),
(694, 183, 'Psychological', 0),
(695, 183, 'Professional', 0),
(696, 183, 'Educational', 0),
(697, 183, 'Financial', 1),
(698, 184, 'Of', 1),
(699, 184, 'As', 0),
(700, 184, 'For', 0),
(701, 184, 'If', 0),
(702, 185, 'Excepts', 0),
(703, 185, 'Excepted', 0),
(704, 185, 'Exception', 1),
(705, 185, 'Excepting', 0),
(706, 186, 'Bonuses', 0),
(707, 186, 'Assistance', 0),
(708, 186, 'Supervisors', 0),
(709, 186, 'Reimbursement', 1),
(710, 187, 'Reported', 0),
(711, 187, 'Expensive', 0),
(712, 187, 'Authorized', 1),
(713, 187, 'Unallowable', 0),
(714, 188, 'A background', 0),
(715, 188, 'An instruction', 0),
(716, 188, 'A reference', 1),
(717, 188, 'An acceptance', 0),
(718, 189, 'Your', 0),
(719, 189, 'His', 0),
(720, 189, 'Her', 0),
(721, 189, 'My', 1),
(722, 190, 'Always has shown', 0),
(723, 190, 'Always has shows', 0),
(724, 190, 'Has always shown', 1),
(725, 190, 'Has shown always', 0),
(726, 191, 'Position', 1),
(727, 191, 'Degree', 0),
(728, 191, 'Residence', 0),
(729, 191, 'Professor', 0),
(730, 192, 'Exhibit', 1),
(731, 192, 'Lecture', 0),
(732, 192, 'Auction', 0),
(733, 192, 'Purchase', 0),
(734, 193, 'Very', 0),
(735, 193, 'Such a', 1),
(736, 193, 'So that', 0),
(737, 193, 'Enough', 0),
(738, 194, 'Guides', 0),
(739, 194, 'Tickets', 1),
(740, 194, 'Brochures', 0),
(741, 194, 'Schedules', 0),
(742, 195, 'Has had', 0),
(743, 195, 'Had', 0),
(744, 195, 'Has', 0),
(745, 195, 'Will have', 1),
(746, 196, 'The literary value of Movie Goer Magazine', 0),
(747, 196, 'How George Boulis became a very rich man', 0),
(748, 196, 'The monetary value of old issues of Movie Goer Magazine', 0),
(749, 196, 'The monetary value of old covers of Movie Goer Magazine', 1),
(750, 197, 'In the attic', 0),
(751, 197, 'In the basement', 1),
(752, 197, 'Under their beds', 0),
(753, 197, 'In their garages', 0),
(754, 198, 'The premier issue', 1),
(755, 198, 'The ultimate issue', 0),
(756, 198, 'The one with Lucille Ball', 0),
(757, 198, 'The one with Clark Cable', 0),
(758, 199, 'All north side lanes', 0),
(759, 199, 'One lane on each side', 0),
(760, 199, 'The two left lanes on each side', 0),
(761, 199, 'The two left lanes on the north side', 1),
(762, 200, 'The city', 0),
(763, 200, 'The county', 1),
(764, 200, 'The state', 0),
(765, 200, 'The district', 0),
(766, 201, 'NE 125th Street', 0),
(767, 201, 'NE 95th Street', 1),
(768, 201, 'NE 151st Street', 0),
(769, 201, 'NE 82nd Street', 0),
(770, 202, 'To pay back money they were overpaid', 0),
(771, 202, 'To contribute to company charity', 0),
(772, 202, 'To end a budget crisis in this fiscal year', 1),
(773, 202, 'The bylaws state they have to', 0),
(774, 203, 'There is a surplus of $13 million', 0),
(775, 203, 'There is a shortage of $13 million', 1),
(776, 203, 'The CFO did not plan out the operating budget properly', 0),
(777, 203, 'Nobody can pinpoint the reasons for this budget crisis.', 0),
(778, 204, 'Employees will arrange days off with their supervisor', 1),
(779, 204, 'All employees are to stay home starting June 30', 0),
(780, 204, 'A specific plan has not been worked out yet', 0),
(781, 204, 'Employees can arrange to take two days off this or next fiscal year', 0),
(782, 205, 'The Queen', 0),
(783, 205, 'A group of judges', 1),
(784, 205, 'A government agency', 0),
(785, 205, 'Popular opinion', 0),
(786, 206, 'Robbing a bank', 0),
(787, 206, 'Forging documents', 0),
(788, 206, 'Spying on other companies', 1),
(789, 206, 'Embezzling thousands from his company', 0),
(790, 207, 'Believe in', 0),
(791, 207, 'Profit from', 0),
(792, 207, 'Condone', 0),
(793, 207, 'Carry out', 1),
(794, 208, 'He has to pay back money to the prison', 1),
(795, 208, 'He has to pay money to the Home Office', 0),
(796, 208, 'He will have more money than he ever dreamed of', 0),
(797, 208, 'The authorities never caught the real spy', 0),
(798, 209, 'Thirty minutes', 0),
(799, 209, 'One hour', 1),
(800, 209, 'Two hours', 0),
(801, 209, 'Three hours', 0),
(802, 210, 'Two', 0),
(803, 210, 'Four', 0),
(804, 210, 'Six', 1),
(805, 210, 'Eight', 0),
(806, 211, 'Business week in Review', 1),
(807, 211, 'Law and Order: special victims Unit', 0),
(808, 211, 'Working Girl', 0),
(809, 211, 'Dateline NBC', 0),
(810, 212, 'DSC', 0),
(811, 212, 'BPL', 1),
(812, 212, '2', 0),
(813, 212, 'AMC', 0),
(814, 213, 'Apartment', 0),
(815, 213, 'Individual', 0),
(816, 213, 'Department', 1),
(817, 213, 'Investigation', 0),
(818, 214, 'In the mornings', 0),
(819, 214, 'In the evenings', 0),
(820, 214, 'On the weekends', 0),
(821, 214, 'Whenever you had free time', 1),
(822, 215, 'Six months', 0),
(823, 215, 'Nine months', 0),
(824, 215, 'Eighteen months', 0),
(825, 215, 'Two years', 1),
(826, 216, 'A portable phone', 0),
(827, 216, 'A palm pilot', 0),
(828, 216, ' A cell phone', 1),
(829, 216, 'A laptop computer', 0),
(830, 217, 'Check that the battery is connected to the charger', 1),
(831, 217, 'Call the factory', 0),
(832, 217, 'Call your dealer immediately', 0),
(833, 217, 'Check the normal operating time', 0),
(834, 218, 'Return it to the company', 0),
(835, 218, 'Get in touch with the place you bought it from', 1),
(836, 218, 'Send it back to the factory', 0),
(837, 218, 'Throw it away and buy another one', 0),
(838, 219, 'One', 0),
(839, 219, 'Two', 0),
(840, 219, 'Three', 0),
(841, 219, 'Four', 1),
(842, 220, '$15.00', 0),
(843, 220, '$23.00', 1),
(844, 220, '$27.60', 0),
(845, 220, '$46.00', 0),
(846, 221, 'Eleven days', 0),
(847, 221, 'Sixteen days', 0),
(848, 221, 'Twenty-one days', 1),
(849, 221, 'Twenty-six days', 0),
(850, 222, 'To let tenants know that the fire alarm system will be repaired', 1),
(851, 222, 'To tell tenants about a fire that occurred in the building', 0),
(852, 222, 'To warn tenants about the danger of fires', 0),
(853, 222, 'To inform tenants about what to do in case of fire', 0),
(854, 223, 'Leave the building immediately', 0),
(855, 223, 'Contact the building superintendent', 0),
(856, 223, 'Continue with their usual activities', 1),
(857, 223, 'Wait patiently for the fire department to arrive', 0),
(858, 224, 'To ask for the customer’s opinion', 1),
(859, 224, 'To offer technical support', 0),
(860, 224, 'To sell a new computer', 0),
(861, 224, 'To advertise a website', 0),
(862, 225, 'By calling the Customer Support Office', 0),
(863, 225, 'By going online', 1),
(864, 225, 'By contacting Ms. Kim', 0),
(865, 225, 'By writing to Mr. Lee', 0),
(866, 226, 'To Support Service Manager', 0),
(867, 226, 'A Technical Support representative', 1),
(868, 226, 'Someone in the Customer Support Office', 0),
(869, 226, 'A New World Computers customer', 0),
(870, 227, 'Call Tourist Information', 0),
(871, 227, 'Call room service', 0),
(872, 227, 'Call City Public Transportation', 0),
(873, 227, 'Call the front desk', 1),
(874, 228, 'Which bus to take downtown', 1),
(875, 228, 'Which movies are showing tonight', 0),
(876, 228, 'Where to eat dinner', 0),
(877, 228, 'How to make a local cal', 0),
(878, 229, 'Make a long distance call', 0),
(879, 229, 'Dial 3', 1),
(880, 229, 'Call room service', 0),
(881, 229, 'Ask for Tourist Information', 0),
(882, 230, 'Learn how to write a resume', 0),
(883, 230, 'Meet potential employers', 1),
(884, 230, 'Attend a conference', 0),
(885, 230, 'By things on sale', 0),
(886, 231, 'In the convention center', 1),
(887, 231, 'On Main Street', 0),
(888, 231, 'On South State Street', 0),
(889, 231, 'At the Chamber of Commerce', 0),
(890, 232, '3 days', 1),
(891, 232, '5 days', 0),
(892, 232, '8 days', 0),
(893, 232, '11 days', 0),
(894, 233, 'Because he received the wrong order', 1),
(895, 233, 'Because the furniture arrived damaged', 0),
(896, 233, 'Because he didn’t like what he ordered', 0),
(897, 233, 'Because the furniture was too expensive', 0),
(898, 234, '$50', 0),
(899, 234, '$75', 1),
(900, 234, '$150', 0),
(901, 234, '$300', 0),
(902, 235, 'None', 0),
(903, 235, 'One', 1),
(904, 235, 'Two', 0),
(905, 235, 'Three', 0),
(906, 236, 'He was asked to send an email', 0),
(907, 236, 'His order was reshipped', 0),
(908, 236, 'He received a refund', 0),
(909, 236, 'He got a busy signal', 1),
(910, 237, 'Conference committee members', 0),
(911, 237, 'All company personnel', 0),
(912, 237, 'Department members', 1),
(913, 237, 'Mr. Lockman', 0),
(914, 238, 'In a conference room', 1),
(915, 238, 'In a sandwich shop', 0),
(916, 238, 'In a cafeteria', 0),
(917, 238, 'In an office', 0),
(918, 239, 'Wednesday', 0),
(919, 239, 'Thursday', 1),
(920, 239, 'Friday', 0),
(921, 239, 'Saturday', 0),
(922, 240, 'Mr. Sachimoto', 0),
(923, 240, 'Ms. Santelli', 0),
(924, 240, 'Ms. Bertini', 0),
(925, 240, 'Mr. Kim', 1),
(926, 241, 'Information about the budget', 1),
(927, 241, 'Mr. Lockerman’s address', 0),
(928, 241, 'The meeting agenda', 0),
(929, 241, 'His Sydney itinerary', 0),
(930, 242, 'Cathy Chang', 1),
(931, 242, 'Lois Street', 0),
(932, 242, 'Georgette Blanc', 0),
(933, 242, 'Robert de Luc', 0),
(934, 243, 'To celebrate an anniversary', 0),
(935, 243, 'To honor employees', 1),
(936, 243, 'To discuss business', 0),
(937, 243, 'To impress clients', 0),
(938, 244, 'May 3', 0),
(939, 244, 'May 23', 0),
(940, 244, 'July 5', 0),
(941, 244, 'July 15', 1),
(942, 245, '15', 0),
(943, 245, '125', 1),
(944, 245, '250', 0),
(945, 245, '500', 0),
(946, 246, 'Meat-only three-course meal', 0),
(947, 246, 'Five-course meal', 0),
(948, 246, 'Light lunch', 0),
(949, 246, 'Vegetarian and meal buffer', 1),
(950, 247, '3:20', 0),
(951, 247, '5:05', 0),
(952, 247, '8:55', 0),
(953, 247, '10:30', 1),
(954, 248, 'Three and a half hours', 0),
(955, 248, 'Four hours and twenty minutes', 1),
(956, 248, ' Four hours and forty-five minutes', 0),
(957, 248, 'Five and a half hours', 0),
(958, 249, '5:45', 0),
(959, 249, '7:30', 0),
(960, 249, '8:15', 1),
(961, 249, '11:00', 0),
(962, 250, '$135', 0),
(963, 250, '$175', 0),
(964, 250, '$270', 0),
(965, 250, '$350', 1),
(966, 251, 'As early as possible', 0),
(967, 251, 'Before noon', 0),
(968, 251, ' In the early afternoon', 0),
(969, 251, 'In the late afternoon', 1),
(970, 252, 'Tom', 0),
(971, 252, 'Ted', 0),
(972, 252, 'Susan', 0),
(973, 252, 'Martha', 1),
(974, 253, 'Tuesday', 0),
(975, 253, 'Wednesday', 0),
(976, 253, 'Thursday', 0),
(977, 253, 'Friday', 1),
(978, 254, 'He had an emergency', 1),
(979, 254, 'He had made other plans', 0),
(980, 254, 'He had to attend a meeting', 0),
(981, 254, 'He had to work on the accounts', 0),
(982, 255, '$15', 0),
(983, 255, '$75', 0),
(984, 255, '$300', 0),
(985, 255, '$375', 1),
(986, 256, 'Money', 0),
(987, 256, 'A card', 0),
(988, 256, 'Food', 1),
(989, 256, 'A gift', 0),
(990, 257, 'Photocopy documents', 0),
(991, 257, 'Make a phone call', 0),
(992, 257, 'Maintain computers', 0),
(993, 257, 'Make appointments', 1),
(994, 258, 'Email', 0),
(995, 258, 'Web browser', 0),
(996, 258, 'Word processing', 1),
(997, 258, 'Architectural software', 0),
(998, 259, 'Architect', 1),
(999, 259, 'High school teacher', 0),
(1000, 259, 'University professor', 0),
(1001, 259, 'Computer programmer', 0),
(1002, 260, 'Studying in high school', 0),
(1003, 260, 'Taking a university class', 1),
(1004, 260, 'Seeking a job as an architect', 0),
(1005, 260, 'Working as an office assistant', 0),
(1006, 261, 'Her resume', 1),
(1007, 261, 'Her schedule', 0),
(1008, 261, 'Her high school record', 0),
(1009, 261, 'Her university’s catalog', 0),
(1010, 262, 'Secretary', 0),
(1011, 262, 'Hotel clerk', 0),
(1012, 262, 'Travel agent', 1),
(1013, 262, 'Airline ticket agent', 0),
(1014, 263, '3:00', 0),
(1015, 263, '8:30', 0),
(1016, 263, '11:15', 1),
(1017, 263, '12:30', 0),
(1018, 264, 'Monday evening', 0),
(1019, 264, 'Tuesday morning', 0),
(1020, 264, 'Tuesday afternoon', 0),
(1021, 264, 'Wednesday morning', 1),
(1022, 265, 'The Grand Hotel', 1),
(1023, 265, 'The Marionette Hotel', 0),
(1024, 265, 'The Riverside Hotel', 0),
(1025, 265, 'The One World Hotel', 0),
(1026, 266, 'Next weekend', 0),
(1027, 266, 'Next week', 0),
(1028, 266, 'Next month', 1),
(1029, 266, 'Next year', 0),
(1030, 267, 'Cash', 1),
(1031, 267, 'Check', 0),
(1032, 267, 'Credit card', 0),
(1033, 267, 'Money order', 0),
(1034, 268, '555 9754', 1),
(1035, 268, '555 4825', 0),
(1036, 268, '555 8977', 0),
(1037, 268, '555 6295', 0),
(1038, 269, 'Go to the dentist', 0),
(1039, 269, 'Attend a meeting', 1),
(1040, 269, 'Call for an appointment', 0),
(1041, 269, 'Send a check to his assistant', 0),
(1042, 270, '$24', 0),
(1043, 270, '$40', 1),
(1044, 270, '$240', 0),
(1045, 270, '$400', 0),
(1046, 271, 'Monday', 0),
(1047, 271, 'Tuesday', 0),
(1048, 271, 'Thursday', 0),
(1049, 271, 'Friday', 1),
(1050, 272, 'A', 0),
(1051, 272, 'B', 0),
(1052, 272, 'C', 1),
(1053, 272, 'D', 0),
(1054, 273, 'A', 0),
(1055, 273, 'B', 1),
(1056, 273, 'C', 0),
(1057, 273, 'D', 0),
(1058, 274, 'A', 0),
(1059, 274, 'B', 0),
(1060, 274, 'C', 0),
(1061, 274, 'D', 1),
(1062, 275, 'A', 0),
(1063, 275, 'B', 1),
(1064, 275, 'C', 0),
(1065, 275, 'D', 0),
(1066, 276, 'A', 0),
(1067, 276, 'B', 1),
(1068, 276, 'C', 0),
(1069, 276, 'D', 0),
(1070, 277, 'A', 1),
(1071, 277, 'B', 0),
(1072, 277, 'C', 0),
(1073, 277, 'D', 0),
(1074, 278, 'A', 0),
(1075, 278, 'B', 0),
(1076, 278, 'C', 0),
(1077, 278, 'D', 1),
(1078, 279, 'A', 0),
(1079, 279, 'B', 1),
(1080, 279, 'C', 0),
(1081, 279, 'D', 0),
(1082, 280, 'A', 0),
(1083, 280, 'B', 0),
(1084, 280, 'C', 0),
(1085, 280, 'D', 1),
(1086, 281, 'A', 1),
(1087, 281, 'B', 0),
(1088, 281, 'C', 0),
(1089, 281, 'D', 0),
(1090, 282, 'A', 1),
(1091, 282, 'B', 0),
(1092, 282, 'C', 0),
(1093, 282, 'D', 0),
(1094, 283, 'A', 0),
(1095, 283, 'B', 1),
(1096, 283, 'C', 0),
(1097, 283, 'D', 0),
(1098, 284, 'A', 0),
(1099, 284, 'B', 1),
(1100, 284, 'C', 0),
(1101, 284, 'D', 0),
(1102, 285, 'A', 0),
(1103, 285, 'B', 0),
(1104, 285, 'C', 1),
(1105, 285, 'D', 0),
(1106, 286, 'A', 0),
(1107, 286, 'B', 0),
(1108, 286, 'C', 0),
(1109, 286, 'D', 1),
(1110, 287, 'A', 0),
(1111, 287, 'B', 1),
(1112, 287, 'C', 0),
(1113, 287, 'D', 0),
(1114, 288, 'A', 0),
(1115, 288, 'B', 0),
(1116, 288, 'C', 1),
(1117, 288, 'D', 0),
(1118, 289, 'A', 0),
(1119, 289, 'B', 1),
(1120, 289, 'C', 0),
(1121, 289, 'D', 0),
(1122, 290, 'A', 0),
(1123, 290, 'B', 0),
(1124, 290, 'C', 0),
(1125, 290, 'D', 1),
(1126, 291, 'A', 1),
(1127, 291, 'B', 0),
(1128, 291, 'C', 0),
(1129, 291, 'D', 0),
(1130, 292, 'A', 0),
(1131, 292, 'B', 1),
(1132, 292, 'C', 0),
(1133, 292, 'D', 0),
(1134, 293, 'A', 0),
(1135, 293, 'B', 0),
(1136, 293, 'C', 1),
(1137, 293, 'D', 0),
(1138, 294, 'A', 0),
(1139, 294, 'B', 0),
(1140, 294, 'C', 1),
(1141, 294, 'D', 0),
(1142, 295, 'A', 1),
(1143, 295, 'B', 0),
(1144, 295, 'C', 0),
(1145, 295, 'D', 0),
(1146, 296, 'A', 0),
(1147, 296, 'B', 1),
(1148, 296, 'C', 0),
(1149, 296, 'D', 0),
(1150, 297, 'A', 0),
(1151, 297, 'B', 1),
(1152, 297, 'C', 0),
(1153, 297, 'D', 0),
(1154, 298, 'A', 1),
(1155, 298, 'B', 0),
(1156, 298, 'C', 0),
(1157, 298, 'D', 0),
(1158, 299, 'A', 1),
(1159, 299, 'B', 0),
(1160, 299, 'C', 0),
(1161, 299, 'D', 0),
(1162, 300, 'A', 0),
(1163, 300, 'B', 0),
(1164, 300, 'C', 1),
(1165, 300, 'D', 0),
(1166, 301, 'A', 0),
(1167, 301, 'B', 0),
(1168, 301, 'C', 1),
(1169, 301, 'D', 0),
(1170, 302, 'A', 1),
(1171, 302, 'B', 0),
(1172, 302, 'C', 0),
(1173, 303, 'A', 0),
(1174, 303, 'B', 1),
(1175, 303, 'C', 0),
(1176, 304, 'A', 0),
(1177, 304, 'B', 0),
(1178, 304, 'C', 1),
(1179, 305, 'A', 0),
(1180, 305, 'B', 1),
(1181, 305, 'C', 0),
(1182, 306, 'A', 0),
(1183, 306, 'B', 1),
(1184, 306, 'C', 0),
(1185, 307, 'A', 0),
(1186, 307, 'B', 1),
(1187, 307, 'C', 0),
(1188, 308, 'A', 0),
(1189, 308, 'B', 0),
(1190, 308, 'C', 1),
(1191, 309, 'A', 0),
(1192, 309, 'B', 0),
(1193, 309, 'C', 1),
(1194, 310, 'A', 0),
(1195, 310, 'B', 0),
(1196, 310, 'C', 1),
(1197, 311, 'A', 0),
(1198, 311, 'B', 0),
(1199, 311, 'C', 1),
(1200, 312, 'A', 0),
(1201, 312, 'B', 1),
(1202, 312, 'C', 0),
(1203, 313, 'A', 0),
(1204, 313, 'B', 1),
(1205, 313, 'C', 0),
(1206, 314, 'A', 0),
(1207, 314, 'B', 0),
(1208, 314, 'C', 1),
(1209, 315, 'A', 1),
(1210, 315, 'B', 0),
(1211, 315, 'C', 0),
(1212, 316, 'A', 1),
(1213, 316, 'B', 0),
(1214, 316, 'C', 0),
(1215, 317, 'A', 0),
(1216, 317, 'B', 1),
(1217, 317, 'C', 0),
(1218, 318, 'A', 0),
(1219, 318, 'B', 1),
(1220, 318, 'C', 0),
(1221, 319, 'A', 0),
(1222, 319, 'B', 1),
(1223, 319, 'C', 0),
(1224, 320, 'A', 0),
(1225, 320, 'B', 0),
(1226, 320, 'C', 1),
(1227, 321, 'A', 0),
(1228, 321, 'B', 1),
(1229, 321, 'C', 0),
(1230, 322, 'A', 1),
(1231, 322, 'B', 0),
(1232, 322, 'C', 0),
(1233, 323, 'A', 0),
(1234, 323, 'B', 0),
(1235, 323, 'C', 1),
(1236, 324, 'A', 0),
(1237, 324, 'B', 1),
(1238, 324, 'C', 0),
(1239, 325, 'A', 0),
(1240, 325, 'B', 1),
(1241, 325, 'C', 0),
(1242, 326, 'A', 0),
(1243, 326, 'B', 0),
(1244, 326, 'C', 1),
(1245, 327, 'A', 1),
(1246, 327, 'B', 0),
(1247, 327, 'C', 0),
(1248, 328, 'A', 0),
(1249, 328, 'B', 1),
(1250, 328, 'C', 0),
(1251, 329, 'A', 0),
(1252, 329, 'B', 0),
(1253, 329, 'C', 1),
(1254, 330, 'A', 0),
(1255, 330, 'B', 1),
(1256, 330, 'C', 0),
(1257, 331, 'A', 0),
(1258, 331, 'B', 0),
(1259, 331, 'C', 1),
(1260, 332, 'A', 0),
(1261, 332, 'B', 0),
(1262, 332, 'C', 1),
(1263, 333, 'A', 0),
(1264, 333, 'B', 1),
(1265, 333, 'C', 0),
(1266, 334, 'A', 0),
(1267, 334, 'B', 1),
(1268, 334, 'C', 0),
(1269, 335, 'A', 0),
(1270, 335, 'B', 0),
(1271, 335, 'C', 1),
(1272, 336, 'A', 0),
(1273, 336, 'B', 0),
(1274, 336, 'C', 1),
(1275, 337, 'A', 0),
(1276, 337, 'B', 1),
(1277, 337, 'C', 0),
(1278, 338, 'A', 1),
(1279, 338, 'B', 0),
(1280, 338, 'C', 0),
(1281, 339, 'A', 0),
(1282, 339, 'B', 0),
(1283, 339, 'C', 1),
(1284, 340, 'A', 1),
(1285, 340, 'B', 0),
(1286, 340, 'C', 0),
(1287, 341, 'A', 0),
(1288, 341, 'B', 1),
(1289, 341, 'C', 0),
(1290, 342, 'A', 0),
(1291, 342, 'B', 0),
(1292, 342, 'C', 1),
(1293, 343, 'A', 1),
(1294, 343, 'B', 0),
(1295, 343, 'C', 0),
(1296, 344, 'A', 0),
(1297, 344, 'B', 0),
(1298, 344, 'C', 1),
(1299, 345, 'A', 0),
(1300, 345, 'B', 1),
(1301, 345, 'C', 0),
(1302, 346, 'A', 0),
(1303, 346, 'B', 0),
(1304, 346, 'C', 1),
(1305, 347, 'A', 0),
(1306, 347, 'B', 1),
(1307, 347, 'C', 0),
(1308, 348, 'A', 1),
(1309, 348, 'B', 0),
(1310, 348, 'C', 0),
(1311, 349, 'A', 0),
(1312, 349, 'B', 0),
(1313, 349, 'C', 1),
(1314, 350, 'A', 1),
(1315, 350, 'B', 0),
(1316, 350, 'C', 0),
(1317, 351, 'A', 1),
(1318, 351, 'B', 0),
(1319, 351, 'C', 0),
(1320, 352, 'A', 0),
(1321, 352, 'B', 0),
(1322, 352, 'C', 1),
(1323, 353, 'A', 0),
(1324, 353, 'B', 0),
(1325, 353, 'C', 1),
(1326, 354, 'A', 0),
(1327, 354, 'B', 0),
(1328, 354, 'C', 1),
(1329, 355, 'A', 1),
(1330, 355, 'B', 0),
(1331, 355, 'C', 0),
(1332, 356, 'A', 0),
(1333, 356, 'B', 1),
(1334, 356, 'C', 0),
(1335, 357, 'A', 1),
(1336, 357, 'B', 0),
(1337, 357, 'C', 0),
(1338, 358, 'A', 0),
(1339, 358, 'B', 1),
(1340, 358, 'C', 0),
(1341, 359, 'A', 1),
(1342, 359, 'B', 0),
(1343, 359, 'C', 0),
(1344, 360, 'A', 1),
(1345, 360, 'B', 0),
(1346, 360, 'C', 0),
(1347, 361, 'A', 0),
(1348, 361, 'B', 0),
(1349, 361, 'C', 1),
(1350, 362, 'A', 0),
(1351, 362, 'B', 0),
(1352, 362, 'C', 1),
(1353, 363, 'A', 1),
(1354, 363, 'B', 0),
(1355, 363, 'C', 0),
(1356, 364, 'A', 0),
(1357, 364, 'B', 0),
(1358, 364, 'C', 1),
(1359, 365, 'A', 0),
(1360, 365, 'B', 1),
(1361, 365, 'C', 0),
(1362, 366, 'A', 0),
(1363, 366, 'B', 0),
(1364, 366, 'C', 1),
(1365, 367, 'A', 1),
(1366, 367, 'B', 0),
(1367, 367, 'C', 0),
(1368, 368, 'A', 1),
(1369, 368, 'B', 0),
(1370, 368, 'C', 0),
(1371, 369, 'A', 0),
(1372, 369, 'B', 0),
(1373, 369, 'C', 1),
(1374, 370, 'A', 0),
(1375, 370, 'B', 0),
(1376, 370, 'C', 1),
(1377, 371, 'They dislike the man', 0),
(1378, 371, 'The man will be late again', 1),
(1379, 371, 'They didn’t want the woman to attend', 0),
(1380, 371, 'They have been very irritable recently', 0),
(1381, 372, 'He needs to finish reading a letter', 0),
(1382, 372, 'He needs to make some phone calls', 0),
(1383, 372, 'He needs to finish writing a letter', 1),
(1384, 372, 'He is waiting for a letter to arrive', 0),
(1385, 373, 'To a lunch appointment', 0),
(1386, 373, 'To a meeting', 1),
(1387, 373, 'To meet a supplier', 0),
(1388, 373, 'To a reception', 0),
(1389, 374, 'New proposals', 0),
(1390, 374, 'Bad news', 1),
(1391, 374, 'A pleasant surprise', 0),
(1392, 374, 'Profit figures', 0),
(1393, 375, 'Start a new project, then check the files', 0),
(1394, 375, 'Check the Asian reports immediately', 1),
(1395, 375, 'Spend less time out of the office', 0),
(1396, 375, 'Attend more meetings', 0),
(1397, 376, 'In Asia', 0),
(1398, 376, 'In the office all week', 0),
(1399, 376, 'At a conference all week', 1),
(1400, 376, 'At home', 0),
(1401, 377, 'She is looking forward to getting one', 1),
(1402, 377, 'She thinks it looks heavy', 0),
(1403, 377, 'She doesn’t like laptop computer', 0),
(1404, 377, 'She doesn’t think the man deserves it', 0),
(1405, 378, 'It fits in his briefcase', 0),
(1406, 378, 'It is much nicer than his old computer', 1),
(1407, 378, 'He didn’t have to pay for it', 0),
(1408, 378, 'It’s his first computer', 0),
(1409, 379, 'The man', 0),
(1410, 379, 'The woman', 0),
(1411, 379, 'The man and the woman together', 0),
(1412, 379, 'Their employer', 1),
(1413, 380, 'He thinks he is lost', 1),
(1414, 380, 'He needs a lawyer', 0),
(1415, 380, 'He needs change to make a phone call', 0),
(1416, 380, 'The woman won’t help him', 0),
(1417, 381, 'An office in New York', 0),
(1418, 381, 'An office a couple of blocks away', 1),
(1419, 381, 'The second floor', 0),
(1420, 381, 'An office a couple of floors down', 0),
(1421, 382, 'By calling their new number', 0),
(1422, 382, 'By sending a fax', 0),
(1423, 382, 'By email', 0),
(1424, 382, 'By calling their old number', 1),
(1425, 383, 'The woman', 0),
(1426, 383, 'His mother', 0),
(1427, 383, 'An application for the sales position', 0),
(1428, 383, 'The supply department', 1),
(1429, 384, 'He is avoiding the caller', 0),
(1430, 384, 'He is busy', 1),
(1431, 384, 'He has a sore throat', 0),
(1432, 384, 'He wants the woman to handle it', 0),
(1433, 385, '30 boxes', 1),
(1434, 385, '13 boxes', 0),
(1435, 385, 'He doesn’t need any paper this month', 0),
(1436, 385, '40 boxes', 0),
(1437, 386, 'Budget cuts', 0),
(1438, 386, 'Market research', 1),
(1439, 386, 'Cleaning the man’s desk', 0),
(1440, 386, 'Staff recruitment', 0),
(1441, 387, 'In the next quarter', 0),
(1442, 387, 'In a quarter of an hour', 0),
(1443, 387, 'Tomorrow at ten o’clock', 1),
(1444, 387, 'Today at ten o’clock', 0),
(1445, 388, 'Information from her local tax office', 0),
(1446, 388, 'Documents to be read', 1),
(1447, 388, 'An information leaflet', 0),
(1448, 388, 'Information from Internet research', 0),
(1449, 389, 'International travel', 0),
(1450, 389, 'Overseas business challenges', 1),
(1451, 389, 'Investment', 0),
(1452, 389, 'Interior design', 0),
(1453, 390, 'Hiring local staff', 0),
(1454, 390, 'Translation', 1),
(1455, 390, 'Supplies and equipment', 0),
(1456, 390, 'Adjusting to the food', 0),
(1457, 391, 'His company may expand overseas', 1),
(1458, 391, 'He admires her business skills', 0),
(1459, 391, 'She wants to buy his business', 0),
(1460, 391, 'He is looking for financing', 0),
(1461, 392, 'To El Paso', 0),
(1462, 392, 'To Texas', 0),
(1463, 392, 'To New York', 1),
(1464, 392, 'To Chicago', 0),
(1465, 393, 'The woman will be traveling with two other passengers', 0),
(1466, 393, 'The woman has to reduce the length of her trip', 1),
(1467, 393, 'The woman wishes to sit by the window', 0),
(1468, 393, 'The woman wants a one-way ticket', 0),
(1469, 394, 'On the 11th', 0),
(1470, 394, 'On the 13th', 0),
(1471, 394, 'On the 18th', 0),
(1472, 394, 'On the 19th', 1),
(1473, 395, 'Hire more staff', 0),
(1474, 395, 'Reduce overhead', 1),
(1475, 395, 'Take an extended leave', 0),
(1476, 395, 'Assign more responsibility to the man', 0),
(1477, 396, 'They’re unreasonable', 1),
(1478, 396, 'It’s a wise decision', 0),
(1479, 396, 'It’s a hasty decision', 0),
(1480, 396, 'They’re desirable', 0),
(1481, 397, 'Give all staff a pay cut', 0),
(1482, 397, 'Freeze pay raise for one year', 0),
(1483, 397, 'Lay off one member of staff', 1),
(1484, 397, 'Quit his job', 0),
(1485, 398, '6 months', 0),
(1486, 398, '1 year', 1),
(1487, 398, '2 years', 0),
(1488, 398, '5 years', 0),
(1489, 399, 'By another product', 0),
(1490, 399, 'Show the warranty', 0),
(1491, 399, 'Bring an original receipt', 0),
(1492, 399, 'Register within a week', 1),
(1493, 400, 'Ten dollars', 1),
(1494, 400, 'Fifteen dollars', 0),
(1495, 400, 'Twenty dollars', 0),
(1496, 400, 'Fifty dollars', 0),
(1497, 401, 'A guest list', 0),
(1498, 401, 'Flight reservation', 0),
(1499, 401, 'Business trip', 0),
(1500, 401, 'Confirmation tips', 1),
(1501, 402, 'To avoid any penalty', 0),
(1502, 402, 'To apply for a discount', 0),
(1503, 402, 'To ease the process', 0),
(1504, 402, 'To relieve the director', 1),
(1505, 403, 'Her secretary forgot to make one', 1),
(1506, 403, 'She isn’t attending the conference', 0),
(1507, 403, 'The hotel is completely booked', 0),
(1508, 403, 'Mr. Miller cancelled her reservations', 0),
(1509, 404, 'To a bank', 1),
(1510, 404, 'To the embassy', 0),
(1511, 404, 'To a service center', 0),
(1512, 404, 'To the office', 0),
(1513, 405, 'She has already visited there several times', 0),
(1514, 405, 'She has a friend who works there', 0),
(1515, 405, 'She has heard that form her relative', 1),
(1516, 405, 'She lives at the corner of Wilkinson and Butler', 0),
(1517, 406, 'The location of a restaurant', 0),
(1518, 406, 'The price of lunch', 0),
(1519, 406, 'The expensive exchange fee', 1),
(1520, 406, 'Bad service by a mechanic', 0),
(1521, 407, 'Fax something', 1),
(1522, 407, 'Go to Shanghai', 0),
(1523, 407, 'Check the mail', 0),
(1524, 407, 'Check the survey', 0),
(1525, 408, 'This morning', 0),
(1526, 408, 'Yesterday', 0),
(1527, 408, 'A week ago', 1),
(1528, 408, 'Two weeks ago', 0),
(1529, 409, 'He will conduct a survey', 0),
(1530, 409, 'He will call the head office', 1),
(1531, 409, 'He will send a fax', 0),
(1532, 409, 'He will make copies', 0),
(1533, 410, 'The air conditioning system doesn’t operate', 0),
(1534, 410, 'The batteries are all used up', 0),
(1535, 410, 'The remote control only works at close range', 1),
(1536, 410, 'Some parts are broken', 0),
(1537, 411, 'Go to the service center', 0),
(1538, 411, 'Check the batteries', 0),
(1539, 411, 'Peel off the wrapping', 1),
(1540, 411, 'Get a refund', 0),
(1541, 412, 'She read the operator’s manual', 0),
(1542, 412, 'Her job is repairing air conditioners', 0),
(1543, 412, 'Her neighbor told her about the problem', 0),
(1544, 412, 'She had the exact problem as the man', 1),
(1545, 413, 'A pay raise', 0),
(1546, 413, 'A bonus', 0),
(1547, 413, 'A promotion', 1),
(1548, 413, 'An award', 0),
(1549, 414, 'Her strategy was not valid', 0),
(1550, 414, 'Her sales figures were low', 0),
(1551, 414, 'The company was not doing well', 1),
(1552, 414, 'She couldn’t produce any hit product', 0),
(1553, 415, 'They don’t respect her', 0),
(1554, 415, 'She was treated unfairly', 1),
(1555, 415, 'She didn’t work very hard', 0),
(1556, 415, 'She was given a big reward', 0),
(1557, 416, 'At a restaurant', 0),
(1558, 416, 'In an office', 1),
(1559, 416, 'At the company cafeteria', 0),
(1560, 416, 'A Sean’s office', 0),
(1561, 417, 'She is in the mood to try something different', 1),
(1562, 417, 'The new waitress is very unkind', 0),
(1563, 417, 'The food has become too spicy there', 0),
(1564, 417, 'She doesn’t want to be around people she knows', 0),
(1565, 418, 'The service is very good', 0),
(1566, 418, 'The food is quite fasty', 1),
(1567, 418, 'It has a great atmosphere', 0),
(1568, 418, 'It is very quite', 0),
(1569, 419, 'A physician', 1),
(1570, 419, 'An accountant', 0),
(1571, 419, 'A receptionist', 0),
(1572, 419, 'An X-ray technician', 0),
(1573, 420, 'He has to talk to his wife first', 0),
(1574, 420, 'He needs to look over the X-ray', 0),
(1575, 420, 'He wishes to speak with Mr. Shaw', 0),
(1576, 420, 'He wants to make a phone call', 1),
(1577, 421, 'To the reception area', 0),
(1578, 421, 'To the second floor', 1),
(1579, 421, 'To her doctor’s store', 0),
(1580, 421, 'To a department store', 0),
(1581, 422, 'He left his car at home', 0),
(1582, 422, 'He was needed in the office', 1),
(1583, 422, 'He was not up to it', 0),
(1584, 422, 'He had to talk to the woman', 0),
(1585, 423, 'To ask the man for a favor', 0),
(1586, 423, 'To get more forms', 0),
(1587, 423, 'To place an order', 0),
(1588, 423, 'To verify something', 1),
(1589, 424, 'Figure out the problem', 0),
(1590, 424, 'Place bulk orders', 0),
(1591, 424, 'Go out on the road with him', 0),
(1592, 424, 'Make a request to the boss', 1),
(1593, 425, 'To ask for instructions', 0),
(1594, 425, 'To offer an apology', 0),
(1595, 425, 'To respond to a complaint', 1),
(1596, 425, 'To market a new product', 0),
(1597, 426, 'A program is not working', 1),
(1598, 426, 'A form is not available', 0),
(1599, 426, 'A technician made an error', 0),
(1600, 426, 'A machine isn’t working', 0),
(1601, 427, 'Send a replacement', 0),
(1602, 427, 'Forward her message', 0),
(1603, 427, 'Consult his coworkers', 0),
(1604, 427, 'Come over himself', 1),
(1605, 428, 'The location of an office', 0),
(1606, 428, 'The expenses for renting a truck', 0),
(1607, 428, 'The company’s billing program', 0),
(1608, 428, ' A delay in shipment', 1),
(1609, 429, 'Delivery will be made', 1),
(1610, 429, 'The driver will call for direction', 0),
(1611, 429, 'A discount offer will expire', 0),
(1612, 429, 'An order will be finalized', 0),
(1613, 430, 'Manufactory', 0),
(1614, 430, 'Investors', 0),
(1615, 430, 'Customers', 1),
(1616, 430, 'Suppliers', 0),
(1617, 431, 'Present a statement', 0),
(1618, 431, 'Make a career change', 1),
(1619, 431, 'Design a program', 0),
(1620, 431, 'Develop a strategy', 0),
(1621, 432, 'A new team will be formed', 0),
(1622, 432, 'A policy will be announced', 0),
(1623, 432, 'A machine will be installed', 0),
(1624, 432, 'An assignment will be completed', 1),
(1625, 433, 'Computers', 1),
(1626, 433, 'Accounting', 0),
(1627, 433, 'Security', 0),
(1628, 433, 'Education', 0);

-- --------------------------------------------------------

--
-- Table structure for table `cau_truc_de_thi`
--

CREATE TABLE IF NOT EXISTS `cau_truc_de_thi` (
  `ma_cau_truc` int(11) NOT NULL AUTO_INCREMENT,
  `ten_cau_truc` varchar(50) DEFAULT NULL,
  `so_luong_cau_de_thi` int(11) DEFAULT NULL,
  PRIMARY KEY (`ma_cau_truc`)
) ENGINE=InnoDB  DEFAULT CHARSET=utf8 AUTO_INCREMENT=9 ;

--
-- Dumping data for table `cau_truc_de_thi`
--

INSERT INTO `cau_truc_de_thi` (`ma_cau_truc`, `ten_cau_truc`, `so_luong_cau_de_thi`) VALUES
(1, 'Full Test TOEIC 1', 200),
(2, 'Skill Test - Photo', 10),
(3, 'Skill Test - Question Response', 30),
(4, 'Skill Test - Short Conversation', 30),
(5, 'Skill Test - Short Talk', 30),
(6, 'Skill Test - Incomplete Sentence', 40),
(7, 'Skill Test - Text Completion', 12),
(8, 'Skill Test - Single Passage', 28);

-- --------------------------------------------------------

--
-- Table structure for table `chi_tiet_cau_truc`
--

CREATE TABLE IF NOT EXISTS `chi_tiet_cau_truc` (
  `ma_cap_do` int(11) NOT NULL AUTO_INCREMENT,
  `ma_do_kho` int(11) DEFAULT NULL,
  `ma_loai_noi_dung` int(11) DEFAULT NULL,
  `ma_diem_chuan` int(11) DEFAULT NULL,
  `so_luong_cau` int(11) DEFAULT NULL,
  PRIMARY KEY (`ma_cap_do`),
  KEY `ma_do_kho` (`ma_do_kho`),
  KEY `ma_loai_noi_dung` (`ma_loai_noi_dung`),
  KEY `ma_diem_chuan` (`ma_diem_chuan`)
) ENGINE=InnoDB  DEFAULT CHARSET=utf8 AUTO_INCREMENT=102 ;

--
-- Dumping data for table `chi_tiet_cau_truc`
--

INSERT INTO `chi_tiet_cau_truc` (`ma_cap_do`, `ma_do_kho`, `ma_loai_noi_dung`, `ma_diem_chuan`, `so_luong_cau`) VALUES
(2, 1, 1, NULL, 6),
(3, 2, 1, NULL, 2),
(4, 3, 1, NULL, 2),
(5, 1, 2, NULL, 15),
(6, 2, 2, NULL, 10),
(7, 3, 2, NULL, 5),
(8, 1, 3, NULL, 6),
(9, 2, 3, NULL, 18),
(10, 3, 3, NULL, 6),
(11, 1, 4, NULL, 15),
(12, 2, 4, NULL, 10),
(13, 3, 4, NULL, 5),
(14, 1, 5, NULL, 2),
(15, 2, 5, NULL, 36),
(16, 3, 5, NULL, 2),
(17, 1, 6, NULL, 6),
(18, 2, 6, NULL, 3),
(19, 3, 6, NULL, 3),
(20, 1, 7, NULL, 12),
(21, 2, 7, NULL, 8),
(22, 3, 7, NULL, 8),
(23, 1, 8, NULL, 10),
(24, 2, 8, NULL, 5),
(25, 3, 8, NULL, 5),
(26, 1, 9, 1, 7),
(27, 2, 9, 1, 2),
(28, 3, 9, 1, 1),
(29, 1, 9, 2, 5),
(30, 2, 9, 2, 3),
(31, 3, 9, 2, 2),
(32, 1, 9, 3, 2),
(33, 2, 9, 3, 3),
(34, 3, 9, 3, 5),
(35, 2, 9, 4, 3),
(36, 3, 9, 4, 7),
(37, 1, 10, 1, 20),
(38, 2, 10, 1, 8),
(39, 3, 10, 1, 2),
(40, 1, 10, 2, 15),
(41, 2, 10, 2, 10),
(42, 3, 10, 2, 5),
(43, 1, 10, 3, 5),
(44, 2, 10, 3, 15),
(45, 3, 10, 3, 10),
(46, 1, 10, 4, 2),
(47, 3, 10, 4, 20),
(48, 2, 10, 4, 8),
(49, 1, 11, 1, 20),
(50, 2, 11, 1, 8),
(51, 3, 11, 1, 2),
(52, 1, 11, 2, 15),
(53, 2, 11, 2, 10),
(54, 3, 11, 2, 5),
(55, 1, 11, 3, 5),
(56, 2, 11, 3, 15),
(57, 3, 11, 3, 10),
(58, 2, 11, 4, 10),
(59, 3, 11, 4, 20),
(60, 1, 12, 1, 20),
(61, 2, 12, 1, 8),
(62, 3, 12, 1, 2),
(63, 1, 12, 2, 15),
(64, 2, 12, 2, 10),
(65, 3, 12, 2, 5),
(66, 1, 12, 3, 5),
(67, 2, 12, 3, 15),
(68, 3, 12, 3, 10),
(69, 1, 12, 4, 2),
(70, 2, 12, 4, 8),
(71, 3, 12, 4, 20),
(72, 1, 13, 1, 30),
(73, 2, 13, 1, 8),
(74, 3, 13, 1, 2),
(75, 1, 13, 2, 15),
(76, 2, 13, 2, 20),
(77, 3, 13, 2, 5),
(78, 1, 13, 3, 5),
(79, 2, 13, 3, 20),
(80, 3, 13, 3, 15),
(81, 2, 13, 4, 10),
(82, 3, 13, 4, 30),
(83, 1, 14, 1, 9),
(84, 2, 14, 1, 3),
(85, 1, 14, 2, 6),
(86, 2, 14, 2, 6),
(87, 1, 14, 3, 3),
(88, 2, 14, 3, 3),
(89, 3, 14, 3, 6),
(90, 3, 14, 4, 9),
(91, 2, 14, 4, 3),
(92, 1, 15, 1, 20),
(93, 2, 15, 1, 8),
(94, 1, 15, 2, 12),
(95, 2, 15, 2, 12),
(96, 3, 15, 2, 4),
(97, 1, 15, 3, 4),
(98, 2, 15, 3, 12),
(99, 3, 15, 3, 12),
(100, 2, 15, 4, 12),
(101, 3, 15, 4, 16);

-- --------------------------------------------------------

--
-- Table structure for table `chu_de`
--

CREATE TABLE IF NOT EXISTS `chu_de` (
  `ma_chu_de` int(11) NOT NULL AUTO_INCREMENT,
  `ma_loai_noi_dung` int(11) DEFAULT NULL,
  `ten_chu_de` varchar(255) DEFAULT NULL,
  `noi_dung_chu_de` varchar(5000) DEFAULT NULL,
  `link` varchar(500) DEFAULT NULL,
  `hinh_anh` varchar(500) DEFAULT NULL,
  PRIMARY KEY (`ma_chu_de`),
  KEY `ma_loai_noi_dung` (`ma_loai_noi_dung`)
) ENGINE=InnoDB  DEFAULT CHARSET=utf8 AUTO_INCREMENT=241 ;

--
-- Dumping data for table `chu_de`
--

INSERT INTO `chu_de` (`ma_chu_de`, `ma_loai_noi_dung`, `ten_chu_de`, `noi_dung_chu_de`, `link`, `hinh_anh`) VALUES
(1, 1, 'Giới thiệu Part 1', '<p><u><strong>Directions:</strong></u> For each question in this part, you will hear four statements about a picture in your test book.<br />\r\nWhen you hear the statements, you must select the one statement that best describes what you see in the<br />\r\npicture by marking the correct answer option: A, B, C, or D on the answer sheet. The statements will not be<br />\r\nprinted in your test book and will be spoken only one time.</p>\r\n', '1 TOEIC TEST PART 1 DIRECTIONS1496500437.mp3', NULL),
(2, 2, 'Giới thiệu Part 2', '<p><u><strong>Directions:</strong></u> You will hear a question or statement and three responses spoken in English. They will not be<br />\r\nprinted in your test book and will be spoken only one time. Select the best response to the question or<br />\r\nstatement and select (A), (B), or (C) to mark your answer on the answer sheet.</p>\r\n', '2 TOEIC TEST PART 2 DIRECTIONS1496500555.mp3', NULL),
(3, 3, 'Giới thiệu Part 3', '<p><u><strong>Directions:</strong></u> You will hear several conversations between two people. You will be asked to answer three<br />\r\nquestions about what the speakers say in each conversation. Select the best response to each question and<br />\r\nmark answer (A), (B), (C), or (D) on the answer sheet. The conversations will not be printed in your test book<br />\r\nand will be spoken only one time.</p>\r\n', '3 TOEIC TEST PART 3 DIRECTIONS1496500786.mp3', NULL),
(4, 4, 'Giới thiệu Part 4', '<p><u><strong>Directions:</strong></u> You will hear several talks given by a single speaker. You will be asked to answer three questions<br />\r\nabout what the speaker says in each talk. Select the best response to each question and mark answer (A), (B),<br />\r\n(C), or (D). The conversations will not be printed in your test book and will be spoken only one time.</p>\r\n', '4 TOEIC TEST PART 4 DIRECTIONS1496500867.mp3', NULL),
(5, 5, 'Giới thiệu Part 5', '<p><u><strong>Directions:</strong></u> A word or phrase is missing in each of the sentences below. Four answer choices are given below<br />\r\neach sentence. Select the best answer to complete the sentence. Then mark answer (A), (B), (C), or (D).</p>\r\n', '5 TOEIC TEST PART 5 DIRECTIONS1496500935.mp3', NULL),
(6, 6, 'Giới thiệu Part 6', '<p><u><strong>Directions:</strong></u> Read the texts that follow. A word or phrase is missing in some of the sentences. Four answer<br />\r\nchoices are given below each of the sentences. Select the best answer to complete the text by marking (A), (B),<br />\r\n(C), or (D).</p>\r\n', '7 TOEIC TEST PART 6 DIRECTIONS1496501042.mp3', NULL),
(7, 7, 'Giới thiệu Part 7 + 8', '<p>Directions: In this part you will read a selection of texts, such as magazine and newspaper articles, letters, and<br />\r\nadvertisements. Each text is followed by several questions. Select the best answer for each question and mark<br />\r\n(A), (B), (C), or (D).</p>\r\n', '7 TOEIC TEST PART 7 DIRECTIONS1496501110.mp3', NULL),
(8, 3, 'Question 1,2,3', '', 'TOEIC 3 QUESTIONS1496501552.mp3', NULL),
(9, 3, 'Question 4,5,6', '', '25 TOEIC QUESTIONS1496502161.mp3', NULL),
(10, 3, 'Question 7,8,9', '', '26 TOEIC QUESTIONS1496503073.mp3', NULL),
(11, 3, 'Question 10-12', '', '27 TOEIC QUESTIONS1496503401.mp3', NULL),
(12, 3, 'Question 13-15', '', '28 TOEIC QUESTIONS1496503706.mp3', NULL),
(13, 3, 'Question 16-18', '', '29 TOEIC QUESTIONS1496503942.mp3', NULL),
(14, 3, 'Question 19-21', '', '30 TOEIC QUESTIONS1496504171.mp3', NULL),
(15, 3, 'Question 22-24', '', '31 TOEIC QUESTIONS1496504459.mp3', NULL),
(16, 3, 'Question 25-27', '', '32 TOEIC QUESTIONS1496504693.mp3', NULL),
(17, 3, 'Question 28-30', '', '33 TOEIC QUESTIONS1496504914.mp3', NULL),
(18, 5, 'Grammar', '', NULL, NULL),
(19, 1, 'Photo - 55030_09012012_391412', '', '55030_09012012_3914121496629044.mp3', '55030_09012012_3914121496629044.jpg'),
(20, 1, 'Photo - 154932_09012012_321401', '', '154932_09012012_3214011496629410.mp3', '154932_09012012_3214011496629410.jpg'),
(21, 1, 'Photo - 154840_09012012_405886', '', '154840_09012012_4058861496630033.mp3', '154840_09012012_4058861496630033.jpg'),
(22, 1, 'Photo - 153909_09012012_220767', '', '153909_09012012_2207671496630275.mp3', '153909_09012012_2207671496630275.jpg'),
(23, 1, 'Photo - 153813_09012012_321951', '', '153813_09012012_3219511496630400.mp3', '153813_09012012_3219511496630400.jpg'),
(24, 1, 'Photo - 134607_09012012_229364', '', '134607_09012012_2293641496630590.mp3', '134607_09012012_2293641496630590.jpg'),
(25, 1, 'Photo - 134216_09012012_783679', '', '134216_09012012_7836791496630775.mp3', '134216_09012012_7836791496630775.jpg'),
(26, 1, 'Photo - 134038_09012012_648602', '', '134038_09012012_6486021496630893.mp3', '134038_09012012_6486021496630893.jpg'),
(27, 1, 'Photo - 133815_09012012_182919', '', '133815_09012012_1829191496631045.mp3', '133815_09012012_1829191496631045.jpg'),
(28, 1, 'Photo - 160340_09012012_362518', '', '160340_09012012_3625181496631200.mp3', '160340_09012012_3625181496631200.jpg'),
(29, 1, 'Photo - 092355_13012012_221453', '', '092355_13012012_2214531496631322.mp3', '092355_13012012_2214531496631322.jpg'),
(30, 1, 'Photo - 160142_09012012_849102', '', '160142_09012012_8491021496631445.mp3', '160142_09012012_8491021496631445.jpg'),
(31, 1, 'Photo - 155947_09012012_895410', '', '155947_09012012_8954101496631541.mp3', '155947_09012012_8954101496631541.jpg'),
(32, 1, 'Photo - 155855_09012012_493722', '', '155855_09012012_4937221496631685.mp3', '155855_09012012_4937221496631685.jpg'),
(33, 1, 'Photo - 155806_09012012_211978', '', '155806_09012012_2119781496631808.mp3', '155806_09012012_2119781496631808.jpg'),
(34, 1, 'Photo - 155716_09012012_947540', '', '155716_09012012_9475401496631924.mp3', '155716_09012012_9475401496631924.jpg'),
(35, 1, 'Photo - 155554_09012012_863851', '', '155554_09012012_8638511496632021.mp3', '155554_09012012_8638511496632021.jpg'),
(36, 1, 'Photo - 155451_09012012_743167', '', '155451_09012012_7431671496632108.mp3', '155451_09012012_7431671496632108.jpg'),
(37, 1, 'Photo - 160632_09012012_205441', '', '160632_09012012_2054411496632198.mp3', '160632_09012012_2054411496632198.jpg'),
(38, 1, 'Photo - Thuyen', '', 'thuyen1496632288.mp3', 'thuyen1496632288.JPG'),
(39, 1, 'Photo - Man', '', 'man1496632427.mp3', 'man1496632427.jpg'),
(40, 1, 'Photo - 171046_09012012_782443', '', '171046_09012012_7824431496632529.mp3', '171046_09012012_7824431496632529.JPG'),
(41, 2, 'Question P2 - 110933_10012012_729846', '', '110933_10012012_7298461496632878.mp3', NULL),
(42, 2, 'Question P2 - 110837_10012012_650140', '', '110837_10012012_6501401496633042.mp3', NULL),
(43, 2, 'Question P2 - 110641_10012012_870938', '', '110641_10012012_8709381496633283.mp3', NULL),
(44, 2, 'Question P2 - 110746_10012012_786563', '', '110746_10012012_7865631496633405.mp3', NULL),
(45, 2, 'Question P2 - 110551_10012012_772528', '', '110551_10012012_7725281496633569.mp3', NULL),
(46, 2, 'Question P2 - 110456_10012012_674447', '', '110456_10012012_6744471496633734.mp3', NULL),
(47, 2, 'Question P2 - 110304_10012012_819577', '', '110304_10012012_8195771496633873.mp3', NULL),
(48, 2, 'Question P2 - 110355_10012012_859951', '', '110355_10012012_8599511496634003.mp3', NULL),
(49, 2, 'Question P2 - 110205_10012012_493447', '', '110205_10012012_4934471496634269.mp3', NULL),
(50, 2, 'Question P2 - 112414_10012012_389187', '', '112414_10012012_3891871496634655.mp3', NULL),
(51, 2, 'Question P2 - 112315_10012012_613143', '', '112315_10012012_6131431496634815.mp3', NULL),
(52, 2, 'Question P2 - 112124_10012012_262487', '', '112124_10012012_2624871496634987.mp3', NULL),
(53, 2, 'Question P2 - 112222_10012012_545193', '', '112222_10012012_5451931496635255.mp3', NULL),
(54, 2, 'Question P2 - 112036_10012012_541348', '', '112036_10012012_5413481496635448.mp3', NULL),
(55, 2, 'Question P2 - 111933_10012012_907989', '', '111933_10012012_9079891496635616.mp3', NULL),
(56, 2, 'Question P2 - 111742_10012012_896096', '', '111742_10012012_8960961496635870.mp3', NULL),
(57, 2, 'Question P2 - 111841_10012012_307366', '', '111841_10012012_3073661496636035.mp3', NULL),
(58, 2, 'Question P2 - 130403_10012012_339913', '', '130403_10012012_3399131496636227.mp3', NULL),
(59, 2, 'Question P2 - 130308_10012012_885632', '', '130308_10012012_8856321496636401.mp3', NULL),
(60, 2, 'Question P2 - 130200_10012012_263037', '', '130200_10012012_2630371496636568.mp3', NULL),
(61, 2, 'Question P2 - 130045_10012012_471200', '', '130045_10012012_4712001496636884.mp3', NULL),
(62, 2, 'Question P2 - 125844_10012012_843362', '', '125844_10012012_8433621496637020.mp3', NULL),
(63, 2, 'Question P2 - 125942_10012012_544699', '', '125942_10012012_5446991496637144.mp3', NULL),
(64, 2, 'Question P2 - 125745_10012012_624295', '', '125745_10012012_6242951496637304.mp3', NULL),
(65, 2, 'Question P2 - 113038_10012012_247024', '', '113038_10012012_2470241496637597.mp3', NULL),
(66, 2, 'Question P2 - 132526_10012012_912219', '', '132526_10012012_9122191496638233.mp3', NULL),
(67, 2, 'Question P2 - 132615_10012012_217169', '', '132615_10012012_2171691496638502.mp3', NULL),
(68, 2, 'Question P2 - 132437_10012012_765881', '', '132437_10012012_7658811496638681.mp3', NULL),
(69, 2, 'Question P2 - 132340_10012012_214999', '', '132340_10012012_2149991496638869.mp3', NULL),
(70, 2, 'Question P2 - 132249_10012012_182891', '', '132249_10012012_1828911496639221.mp3', NULL),
(71, 2, 'Question P2 - 132157_10012012_853634', '', '132157_10012012_8536341496639397.mp3', NULL),
(75, 2, 'Question P2 - 132110_10012012_482241', '', '132110_10012012_4822411496641286.mp3', NULL),
(76, 2, 'Question P2 - 132007_10012012_131777', '', '132007_10012012_1317771496641575.mp3', NULL),
(78, 2, 'Question P2 - 131823_10012012_163500', '', '131823_10012012_1635001496641878.mp3', NULL),
(79, 2, 'Question P2 - 131915_10012012_717376', '', '131915_10012012_7173761496642008.mp3', NULL),
(80, 4, 'Short Talk - 163536_10012012_716690', '', '163536_10012012_7166901496642419.mp3', NULL),
(81, 4, 'Shork Talk - 163229_10012012_654040', '', '163229_10012012_6540401496643442.mp3', NULL),
(82, 4, 'Short Talk - 162919_10012012_987640', '', '162919_10012012_9876401496643881.mp3', NULL),
(83, 4, 'Short Talk - 165222_10012012_194235', '', '165222_10012012_1942351496644837.mp3', NULL),
(84, 4, 'Shork Talk - 164742_10012012_883901', '', '164742_10012012_8839011496645258.mp3', NULL),
(85, 4, 'Short Talk - 164347_10012012_234719', '', '164347_10012012_2347191496645829.mp3', NULL),
(86, 4, 'Short Talk - 171358_10012012_743853', '', '171358_10012012_7438531496646652.mp3', NULL),
(87, 4, 'Short Talk - 171043_10012012_531542', '', '171043_10012012_5315421496651301.mp3', NULL),
(88, 4, 'Shork Talk - 170747_10012012_724847', '', '170747_10012012_7248471496652054.mp3', NULL),
(89, 4, 'Short Talk - 172325_10012012_163940', '', '172325_10012012_1639401496653573.mp3', NULL),
(90, 4, 'Short Talk - 172041_10012012_393719', '', '172041_10012012_3937191496654237.mp3', NULL),
(91, 4, 'Short Talk - 171753_10012012_692987', '', '171753_10012012_6929871496654513.mp3', NULL),
(92, 4, 'Short Talk - 173305_10012012_266305', '', '173305_10012012_2663051496655065.mp3', NULL),
(93, 4, 'Short Talk - 173023_10012012_265289', '', '173023_10012012_2652891496655332.mp3', NULL),
(94, 4, 'Short Talk - 172714_10012012_686477', '', '172714_10012012_6864771496655760.mp3', NULL),
(95, 6, 'Text Completion - Text 1', '<p>Dear Ms. Harwood,<br />\r\n<br />\r\nI am writing to let you know of the exemplary care and service I received form (1)&hellip;&hellip;&hellip; staff during my stay at the Tinkum Square Hotel last July. From the moment of my arrival until the day I (2)&hellip;&hellip;&hellip;, I received nothing but courteous and efficient service from all members of the hotel staff.<br />\r\n<br />\r\nI especially want to bring to your attention two staff members who provided me with assistance above and beyond the call of duty. On my way to the airport after a pleasant week at Tinkum Square, I discovered that I had left my computer behind. I immediately called the manager on duty, Robert Dunstan who supervised an emergency search for my computer. After it was discovered in the hotel restaurant, Mr. Dunstan&rsquo;s assistant, Martha Jones, got into a taxi and personally delivered the computer to me at the airport. It was all done so (3)&hellip;&hellip;&hellip; that I had my computer in hand well before I had to board the plane.<br />\r\n<br />\r\nI know that you would want to hear about this example of the loyalty and professionalism of Mr. Dunstan and Ms. Jones. I look forward to (4)&hellip;&hellip;&hellip; at Tinkum Square during my next business trip to Portsmouth.<br />\r\n<br />\r\nSincerely,<br />\r\nJames L.Keeman</p>\r\n', NULL, NULL),
(96, 6, 'Text Completion - Text 2', '<p>Profit Up In (1)&hellip;&hellip;&hellip; Sector<br />\r\n<br />\r\nGalaxy Systems reported a fourth quarter profit of $250,000, compared (2)&hellip;&hellip;&hellip; a loss of nearly $2 million during the same period last year. This was the first quarter with a profit for the computer company, which began operations five years ago.<br />\r\n<br />\r\nAccording to the year-end report form Goldboro, Inc., the company&rsquo;s profit rose 20%. The rise in profits is attributed to the introduction of a new software system for personal finance accounting. The company hopes to further increase its (3)&hellip;&hellip;&hellip; next year by expanding its markets overseas.<br />\r\n&nbsp;</p>\r\n\r\n<p>Providence has been losing a significant portion of its market share to competitors, but the company is optimistic about the future. &ldquo;We&rsquo;re confident that our plans for bringing more efficient and less (4)&hellip;&hellip;&hellip; wireless service to our customer will result in increased market share and greater profits than the company has ever enjoyed in the past&rdquo; said Thomas P. Witherspoon, CEO.</p>\r\n', NULL, NULL),
(97, 6, 'Text Completion - Text 3', '<p><strong>BOURNESVILLE BANK</strong><br />\r\n<br />\r\nIs pleased to announce the opening of a new branch at 1109 South Boulevard in the Green Lake section of town.<br />\r\n<br />\r\nThis (1)&hellip;&hellip;&hellip; a full-service branch where you can be sure of receiving the professional, prompt, and friendly service that you are accustomed to at all Bournesville Bank branches.<br />\r\n<br />\r\nPlease join us for the grand opening of our new branch on Monday, May 22 during our regular business hours 9:00 a.m. to 3:00 p.m.<br />\r\nThere will be refreshments, live (2)&hellip;&hellip;&hellip;, and prizes.<br />\r\n<br />\r\nBank staff will be on hand to explain all the service available to our customers. Everyone who opens a new (3)&hellip;&hellip;&hellip; during the Gran opening will receive a special bonus gift.<br />\r\n<br />\r\nThis gift is our way of saying &ldquo;thank you&rdquo; for doing business with us.<br />\r\nBournesville Bank, your partner in all your business and personal (4)&hellip;&hellip;&hellip; needs.</p>\r\n', NULL, NULL),
(98, 6, 'Text Completion - Text 4', '<p>To: All personal<br />\r\nFrom: Marina, Director<br />\r\nRe: Travel expenses<br />\r\n<br />\r\nWe are all aware that the procedures for charging and reporting expenses for business trips taken on behalf of the company have long been out of land. As a result (1)&hellip;&hellip;&hellip; recommendations from the Budget Office, the following procedures will be adopted.<br />\r\n<br />\r\nCompany personnel will no longer be given company credit cards to cover expenses while on out of town trips. Instead, all travel expenses, with the (2)&hellip;&hellip;&hellip; of airline tickets which will continue to be charged directly to the company, will be paid for out of pocket. In order to receive (3)&hellip;&hellip;&hellip; an expense report must be submitted to your department head within ten days of returning from a trip. All charges must be itemized on the report and accompanied by receipts. Approval of each item will be made at the discretion of each department head, following of course, the company expense guidelines (see attached).<br />\r\n<br />\r\nGenerally, charges for hotels, meals, and transportation will be (4)&hellip;&hellip;&hellip;. Non-work related items such as entertainment, excessive taxi rides, and bar bills will not. I am sure you will all understand the necessity of this strict attitude toward expense reporting. I am counting on everyone&rsquo;s cooperation.</p>\r\n', NULL, NULL),
(99, 6, 'Text Completion - Text 5', '<p>April 17<br />\r\n<br />\r\nTo whom it may concern:<br />\r\n<br />\r\nThis letter is (1)&hellip;&hellip;&hellip; for Mr. Young Kim, who has worked for this company as an administrative assistant for the past three years.<br />\r\n<br />\r\nDuring most of his time here, Mr. Kim has worked directly under (2)&hellip;&hellip;&hellip; supervision. He has served as an assistant to a busy accounting office with a staff of five. He (3)&hellip;&hellip;&hellip; himself to be reliable and hardworking. He has never shirked his duties, even when the office workload has required him to work late into the evening or on a weekend. I always feel sure that whatever task I may give him, it will be done promptly and with a smile. Mr. Kim&rsquo;s friendliness and upbeat attitude have been a real contribution to the office environment.<br />\r\n<br />\r\nWe will miss Mr. Kim, but we understand that he is ready to move on to a (4)&hellip;&hellip;&hellip; that will make better use of his skills and provide him with more opportunities for his future. I can recommend him without reservation and know he will make a great contribution to any work environment.<br />\r\n<br />\r\nSincerely,<br />\r\nIvan Sokolow</p>\r\n', NULL, NULL),
(100, 6, 'Text Completion - Text 6', '<p><strong>The National Museum of Art</strong><br />\r\n<br />\r\nIs proud to announce the upcoming (1)&hellip;&hellip;&hellip; of European Expressionist paintings and prints, from January 15 through March 15.<br />\r\n<br />\r\nWe are very fortunate to be able to bring this opportunity to area residents and visitors. This show includes works on loan from museums and collectors all around the world. It is the first time this area has been (2)&hellip;&hellip;&hellip; wide representation of Expressionist works together in one place<br />\r\n.<br />\r\n(3)&hellip;&hellip;&hellip; for the shows are available by calling the museum&rsquo;s Special Events office at 342 555 0980.<br />\r\nDuring the show, the Museum Gift Store (4)&hellip;&hellip;&hellip; on sale catalogues, art reproduction, calendars, coffee mugs, and other souvenirs of the show.</p>\r\n', NULL, NULL),
(101, 7, 'Single Passage - Text 1', '<p>Those old Movie Goer magazines in the basement may be worth more than you would imagine. A 152 copy featuring Clark Gable can be worth over $750 and an old Lucille Ball is valued at $900. But it&rsquo;s not just the oldies that are worth so much money. A collection of twenty-five Lost in Space covers form June, 2001 sells for more than $450 online. &ldquo;The internet has been great for collecting and has made it a lot easier to find things&rdquo;, says George Boulis, 58, a Boston based collector who has all the Movie Goer Magazine covers. They&rsquo;re worth about $28000. And what do you think is the most valuable issue? The first one, of course: a mint-condition copy goes for more than $1850.</p>\r\n', NULL, NULL),
(102, 7, 'Single Passage - Text 2', '<p><strong>Miami-Dade County Transit Authority<br />\r\nLANE CLOSURES</strong><br />\r\n<br />\r\nDue to continued construction on Interstate 95, the two left lanes on the north side will be closed from NE 78<sup>th</sup>&nbsp;St. to NE 135<sup>th</sup>&nbsp;St between the hours of midnight and 6:00 A.M. Monday to Friday, and 10:00 P.M. to 7 A.M. weekends.<br />\r\n<br />\r\nLane closures are scheduled to begin on October 16 and continue until November 6.</p>\r\n\r\n<p>We regret any inconvenience to motorists.</p>\r\n', NULL, NULL),
(103, 7, 'Single Passage - Text 3', '<p><strong>MEMORANDUM</strong><br />\r\n<br />\r\nTo: All Atlantis Corporation Employees<br />\r\nFrom: Myrtle Sternbridge, Chief Financial Officer<br />\r\nRe: Two-day unpaid leave<br />\r\nDate: June 3<br />\r\n<br />\r\nIt is my unhappy duty to inform you that the Board of Directors has voted to impose a two-day layoff for all employees in order to avoid an operating budget shortfall.<br />\r\n<br />\r\nThe company is facing a serious crisis due to poor profits over the past two quarters. The budget is short by about $13 million and according to our bylaw, the budget must be balanced by June 30, the end of this fiscal year.<br />\r\n<br />\r\nIt is necessary for all employees to give up&nbsp; two days&rsquo; pay in order to put an end to the budget crisis. Employees are to speak to their supervisors regarding scheduling the two days that they are not to report to work.<br />\r\n<br />\r\nAccording to the agreement reached between Atlantis Corp. and the union, employees will be reimbursed for the days they lose during the first six months of the next fiscal year if profits improve.<br />\r\n<br />\r\nI sincerely regret the need to take such drastic measures to end the current budget crisis, but with your cooperation, we can see this through.</p>\r\n', NULL, NULL),
(104, 7, 'Single Passage - Text 4', '<p>LONDON &ndash; In May, Great Britain&rsquo;s Home Office, deciding on compensation for a man who served four years in prison for industrial espionage that he did not commit, ruled that he was entitled to about $1.1 million. They sais, however, that he would have to reimburse the prison about $23.000 for four years&rsquo; room and board. The outraged Michael O&rsquo;Brien, age 34, was freed by a Court of Appeal. He said, &ldquo;They don&rsquo;t charge guilty people for bed and board. They only charge innocent people!&rdquo;</p>\r\n', NULL, NULL),
(105, 7, 'Single Passage - Text 5', '<table border="1" cellpadding="1" cellspacing="1">\r\n	<tbody>\r\n		<tr>\r\n			<td>\r\n			<table align="center" border="1" cellpadding="0" cellspacing="0" style="width:684px">\r\n				<tbody>\r\n					<tr>\r\n						<td><strong>BCAST</strong></td>\r\n						<td><strong>8:00</strong></td>\r\n						<td><strong>8:30</strong></td>\r\n						<td><strong>9:00</strong></td>\r\n						<td><strong>9:30</strong></td>\r\n						<td><strong>10:00</strong></td>\r\n						<td><strong>10:30</strong></td>\r\n					</tr>\r\n					<tr>\r\n						<td><strong>2</strong><br />\r\n						&nbsp;</td>\r\n						<td>Washington week</td>\r\n						<td>Wall Street Week (B)</td>\r\n						<td>McLaughlin Report</td>\r\n						<td>&nbsp;</td>\r\n						<td>Hurrucane Watch</td>\r\n						<td>&nbsp;</td>\r\n					</tr>\r\n					<tr>\r\n						<td><strong>4</strong></td>\r\n						<td>48 hours</td>\r\n						<td>&nbsp;</td>\r\n						<td>Diagnosis Murder. Town Without Pity (2006)</td>\r\n						<td>&nbsp;</td>\r\n						<td>&nbsp;</td>\r\n						<td>&nbsp;</td>\r\n					</tr>\r\n					<tr>\r\n						<td><strong>5</strong></td>\r\n						<td>Dateline NBC</td>\r\n						<td>&nbsp;</td>\r\n						<td>&nbsp;</td>\r\n						<td>&nbsp;</td>\r\n						<td>&nbsp;</td>\r\n						<td>Law and Order: Special Victims Unit</td>\r\n					</tr>\r\n					<tr>\r\n						<td><strong>6</strong></td>\r\n						<td>Dateline NBC</td>\r\n						<td>&nbsp;</td>\r\n						<td>&nbsp;</td>\r\n						<td>&nbsp;</td>\r\n						<td>&nbsp;</td>\r\n						<td>Law and Order: Special Victims Unit</td>\r\n					</tr>\r\n					<tr>\r\n						<td><strong>7</strong></td>\r\n						<td>Sports Extra</td>\r\n						<td>&nbsp;</td>\r\n						<td>X-file</td>\r\n						<td>&nbsp;</td>\r\n						<td>News</td>\r\n						<td>&nbsp;</td>\r\n					</tr>\r\n					<tr>\r\n						<td><strong>10</strong></td>\r\n						<td>Financial Success with Sonya Ozman (B)</td>\r\n						<td>&nbsp;</td>\r\n						<td>Lilo &amp; Stitch: Aloha from Hollywood</td>\r\n						<td>&nbsp;</td>\r\n						<td>20/20</td>\r\n						<td>&nbsp;</td>\r\n					</tr>\r\n					<tr>\r\n						<td><strong>CABLE</strong></td>\r\n						<td>&nbsp;</td>\r\n						<td>&nbsp;</td>\r\n						<td>&nbsp;</td>\r\n						<td>&nbsp;</td>\r\n						<td>&nbsp;</td>\r\n						<td>&nbsp;</td>\r\n					</tr>\r\n					<tr>\r\n						<td><strong>A&amp;E</strong></td>\r\n						<td>Biography</td>\r\n						<td>&nbsp;</td>\r\n						<td>Tea with Mussonlini (1999) (M)</td>\r\n						<td>&nbsp;</td>\r\n						<td>&nbsp;</td>\r\n						<td>&nbsp;</td>\r\n					</tr>\r\n					<tr>\r\n						<td><strong>AMC</strong></td>\r\n						<td>Working Girl (1988) (M)</td>\r\n						<td>&nbsp;</td>\r\n						<td>&nbsp;</td>\r\n						<td>&nbsp;</td>\r\n						<td>&nbsp;</td>\r\n						<td>Working Girl (1988) (M)</td>\r\n					</tr>\r\n					<tr>\r\n						<td><strong>BPL</strong></td>\r\n						<td>Business week in Review (B)</td>\r\n						<td>&nbsp;</td>\r\n						<td>Business week in Review (B)</td>\r\n						<td>&nbsp;</td>\r\n						<td>&nbsp;</td>\r\n						<td>It&rsquo;s your money (B)</td>\r\n					</tr>\r\n					<tr>\r\n						<td><strong>CNN</strong></td>\r\n						<td>Live from..</td>\r\n						<td>&nbsp;</td>\r\n						<td>Larry King Live</td>\r\n						<td>&nbsp;</td>\r\n						<td>&nbsp;</td>\r\n						<td>NewsNight with Aaron Brown</td>\r\n					</tr>\r\n					<tr>\r\n						<td><strong>DSC</strong></td>\r\n						<td>U.S. Mint (B)</td>\r\n						<td>&nbsp;</td>\r\n						<td>Inside the World&rsquo;s Mightiest Bank (B)</td>\r\n						<td>&nbsp;</td>\r\n						<td>&nbsp;</td>\r\n						<td>Three Gorge</td>\r\n					</tr>\r\n					<tr>\r\n						<td><strong>MTV</strong></td>\r\n						<td>To be Announced</td>\r\n						<td>&nbsp;</td>\r\n						<td>&nbsp;</td>\r\n						<td>&nbsp;</td>\r\n						<td>&nbsp;</td>\r\n						<td>&nbsp;</td>\r\n					</tr>\r\n				</tbody>\r\n			</table>\r\n\r\n			<p>&nbsp;</p>\r\n			</td>\r\n		</tr>\r\n	</tbody>\r\n</table>\r\n\r\n<p>(B) = Business; (M) = Movies</p>\r\n', NULL, NULL),
(106, 7, 'Single Passage - Text 6', '<p><strong>Prepare for a NEW CAREER<br />\r\nOr get your H.S. Diploma at home</strong><br />\r\n<br />\r\nYou&rsquo;ve always wanted to start a new career, but could never find the time to get the training you need. Until now. The Learning Center can help you study at home in your spare time to get the skills you need to succeed!<br />\r\n<br />\r\nGet your career diploma as a private investigator or medical transcriptionist in as little as six months! Earn your high school diploma in as little as nice months. In as little as two years, you could even have your degree in accounting!<br />\r\n<br />\r\nJoin the 8 million men and women who enrolled with The Learning Center to change their lives for the better. Call, write, or visit our website today for FREE information!<br />\r\n<br />\r\nFor fastest service, call toll free: 1 800 555 9878 ext. 834<br />\r\n<br />\r\nVisit our website:&nbsp;<a href="http://www.thelearningcenter.com/">www.thelearningcenter.com</a><br />\r\nChoose ONE of the programs below:</p>\r\n\r\n<table border="0" cellpadding="0" cellspacing="0">\r\n	<tbody>\r\n		<tr>\r\n			<td>06 High School<br />\r\n			86 Accounting</td>\r\n			<td>57 Private Investigator<br />\r\n			21 Medical Transcriptionist<br />\r\n			&nbsp;</td>\r\n		</tr>\r\n	</tbody>\r\n</table>\r\n\r\n<p>Dept. LV168R<br />\r\n456 Elm Road<br />\r\nBoynton Cove, FL 31245</p>\r\n', NULL, NULL),
(107, 7, 'Single Passage - Text 7', '<p>Connect the lead from the charger to be bottom of your cellular phone or to a charging stand. The plug the charger into a standard wall outlet. When the battery is charging, the battery strength indicator on the right side of the display scrolls.<br />\r\n<br />\r\nNote: when you charge the battery for the first time, the battery strength indicator will not scroll the entire time; this is normal.<br />\r\n<br />\r\nIf your phone displays NOT CHARGING, charging is suspended. Check that the battery is connected to an approved charging device. If the battery is very hot or cold, wait for a while; charging will automatically resume after the battery is restored to its normal operating state. If charging still fails, contact your dealer.</p>\r\n', NULL, NULL),
(108, 7, 'Single Passage - Text 8', '<table border="1" cellpadding="1" cellspacing="1">\r\n	<tbody>\r\n		<tr>\r\n			<td>\r\n			<table border="1" cellpadding="0" cellspacing="0">\r\n				<tbody>\r\n					<tr>\r\n						<td>Easy ways to<br />\r\n						<strong>Shop</strong><br />\r\n						Shop over 350 stores<br />\r\n						Call by mail<br />\r\n						Call 1 800 555 8183<br />\r\n						Shop online<br />\r\n						Trendymale.com<br />\r\n						&nbsp;<br />\r\n						&nbsp;<br />\r\n						&nbsp;<br />\r\n						&nbsp;<br />\r\n						&nbsp;<br />\r\n						&nbsp;<br />\r\n						&nbsp;<br />\r\n						&nbsp;<br />\r\n						&nbsp;<br />\r\n						&nbsp;<br />\r\n						&nbsp;<br />\r\n						3181 River Road<br />\r\n						Rockville, NM 13579<br />\r\n						909 555 5208</td>\r\n						<td><strong>Buy one sale or&nbsp;</strong><br />\r\n						<strong>Clearance item, get one</strong><br />\r\n						<strong>50% OFF</strong><br />\r\n						&nbsp;<br />\r\n						(2<sup>nd</sup>&nbsp;item must be of equal or lesser value. Applies to sale and clearance merchandise only. May not be combined with any other coupon offer, promotion or previous purchase. Excludes fragrance, gift certificate, catalogue or online purchases. Not valid on designer merchandise. Not valid on Trendy Male Outlets. Sale Monday, June 17 through Sunday, July 7.)<br />\r\n						&nbsp;<br />\r\n						<strong>TRENDY MALE</strong></td>\r\n						<td><strong>Save</strong><br />\r\n						<strong>Up to 60%</strong><br />\r\n						<strong>Or more off</strong><br />\r\n						<strong>Original prices</strong><br />\r\n						&nbsp;</td>\r\n					</tr>\r\n				</tbody>\r\n			</table>\r\n			</td>\r\n		</tr>\r\n	</tbody>\r\n</table>\r\n', NULL, NULL),
(109, 7, 'Single Passage - Text 9', '<p>This is to inform all tenants that tomorrow morning, October 10<sup>th</sup>, service work will be performed on the building fire alarm system between the hours of 8:30 and 10:00. As part of this procedure, it will be necessary to test the alarm and you may hear it go off three or four times in the course of the morning. Do not be concerned when you hear the alarm go off. It is part of the normal service routine. If you have any questions, please contact the building superintendents&rsquo; office. Thank you for your patience.</p>\r\n', NULL, NULL),
(110, 7, 'Single Passage - Text 10', '<p>NEW WORLD COMPUTERS, Inc.<br />\r\nSep. 12, 20&hellip;<br />\r\nMary Matta<br />\r\n27 High Road<br />\r\nIpswich, MA 01801<br />\r\n<br />\r\nDear Ms. Matta:<br />\r\n<br />\r\nAccording to our records, you recently contacted the New World Computers Technical Support Service and spoke with our representative, Joan Kim. We hope your experience was pleasant and effective. We would appreciate your giving us feedback on your experience with Technical Support by taking a few minutes to fill out the enclosed Customer Survey form. By letting us know about the quality of the support you received, you will help us ensure that we continue to provide you and all our customers with the excellent service that you deserve.<br />\r\n<br />\r\nPlease return the form in the enclosed envelop, or you can complete it online by going to our website at&nbsp;<a href="http://www.nwc/customersurvey">www.nwc/customersurvey</a>. if you have any questions, please contact the Customer Support Office at 800 555 8978. Thank you for being a New World Computers&rsquo; customer.<br />\r\n<br />\r\nSincerely,<br />\r\nSamuel Lee<br />\r\nSupport Service Manger</p>\r\n', NULL, NULL),
(111, 7, 'Text Completion - Text 11', '<p><strong>CAPITAL MOTEL</strong><br />\r\n<strong>Telephone Instructions</strong><br />\r\n&nbsp;</p>\r\n\r\n<p>This telephone has been provided for your convenience.<br />\r\n&middot;&nbsp;&nbsp;&nbsp;&nbsp;&nbsp;&nbsp;&nbsp;&nbsp; To reach the front desk, dial 1<br />\r\n&middot;&nbsp;&nbsp;&nbsp;&nbsp;&nbsp;&nbsp;&nbsp;&nbsp; To reach room service, dial 2<br />\r\n&middot;&nbsp;&nbsp;&nbsp;&nbsp;&nbsp;&nbsp;&nbsp;&nbsp; To reach maid service, dial 3<br />\r\n&middot;&nbsp;&nbsp;&nbsp;&nbsp;&nbsp;&nbsp;&nbsp;&nbsp; To make a local call, dial 9 and then the number<br />\r\n&middot;&nbsp;&nbsp;&nbsp;&nbsp;&nbsp;&nbsp;&nbsp;&nbsp; To make a long distance call, dial 1 to ask for assistance</p>\r\n\r\n<p><br />\r\n<strong>Local Numbers of Interest</strong><br />\r\nMovie Hotline &hellip;&hellip;&hellip;&hellip; 567 55 2113<br />\r\nTourist information &hellip;&hellip;&hellip;567 555 3456<br />\r\nAirport Shuttle &hellip;&hellip;&hellip;&hellip;&hellip;567 555 5525<br />\r\nCity Public Transportation.. 567 555 1014</p>\r\n', NULL, NULL),
(112, 7, 'Single Passage - Text 12', '<p><strong>JOB FAIR</strong><br />\r\n<br />\r\nA job fair will be held at the Downtown Convention Center<br />\r\nOn Saturday, April 15<sup>th</sup>&nbsp;from 9:00 A.M. to 5:00 P.M.<br />\r\nIf you are interested in a career in:<br />\r\n<br />\r\n&middot;&nbsp;&nbsp;&nbsp;&nbsp;&nbsp;&nbsp;&nbsp;&nbsp; Computer Programming<br />\r\n&middot;&nbsp;&nbsp;&nbsp;&nbsp;&nbsp;&nbsp;&nbsp;&nbsp; Hotel Management<br />\r\n&middot;&nbsp;&nbsp;&nbsp;&nbsp;&nbsp;&nbsp;&nbsp;&nbsp; Marketing<br />\r\n&middot;&nbsp;&nbsp;&nbsp;&nbsp;&nbsp;&nbsp;&nbsp;&nbsp; Business Administration<br />\r\n&middot;&nbsp;&nbsp;&nbsp;&nbsp;&nbsp;&nbsp;&nbsp;&nbsp; Journalism<br />\r\n&hellip;<br />\r\nthen this is your opportunity to meet people who are currently working in these and other fields and who have job openings for you. The job fair will be held in Conference Room 1 and doors open at 9:00 A.M. Bring ten copies of your resume and a list of references.<br />\r\n<br />\r\nThe Downtown Convention Center is located at 125 South State Street, across from the Seward Hotel. It can be reached by the Main Street and Cross City bus lines. The job fair is sponsored by the City Chamber of Commerce.</p>\r\n', NULL, NULL),
(113, 8, 'Double Passage - Text 1', '<p><strong>Passage 1:<br />\r\n<br />\r\nPeninsula Office Supplies and Equipment</strong><br />\r\n<strong>105978 Rutherford Drive, Suite 110</strong><br />\r\n<strong>Greensboro, RI 45790</strong><br />\r\n<br />\r\nInvoice No. 1078<br />\r\nDate: November 10<br />\r\nShip date: November 15<br />\r\n&nbsp;</p>\r\n\r\n<table border="1" cellpadding="1" cellspacing="1">\r\n	<tbody>\r\n		<tr>\r\n			<td>\r\n			<table border="1" cellpadding="0" cellspacing="0">\r\n				<tbody>\r\n					<tr>\r\n						<td><strong>Item</strong><br />\r\n						&nbsp;</td>\r\n						<td><strong>Price</strong></td>\r\n					</tr>\r\n					<tr>\r\n						<td>1 Computer stand&nbsp; - model B<br />\r\n						&nbsp;</td>\r\n						<td>$150</td>\r\n					</tr>\r\n					<tr>\r\n						<td>2 Desk chair model ZY<br />\r\n						&nbsp;</td>\r\n						<td>$225</td>\r\n					</tr>\r\n					<tr>\r\n						<td>1 Large watercooler</td>\r\n						<td>$85</td>\r\n					</tr>\r\n					<tr>\r\n						<td>3 Paper cutters</td>\r\n						<td>$180</td>\r\n					</tr>\r\n					<tr>\r\n						<td>Subtotal</td>\r\n						<td>$640</td>\r\n					</tr>\r\n					<tr>\r\n						<td>Shipping &amp; handling</td>\r\n						<td>$75</td>\r\n					</tr>\r\n					<tr>\r\n						<td>Amount due</td>\r\n						<td>4715</td>\r\n					</tr>\r\n				</tbody>\r\n			</table>\r\n			</td>\r\n		</tr>\r\n	</tbody>\r\n</table>\r\n\r\n<p><br />\r\nThe above amount has been charged to your credit card.<br />\r\nThank you for doing business with us<br />\r\n<br />\r\n<strong>Passage 2:&nbsp;</strong><br />\r\n<br />\r\nNovember 21<br />\r\nCustomer Service Department<br />\r\nPeninsula Office Supplies and Equipment<br />\r\n105978 Rutherford Drive, Suite 110<br />\r\nGreensboro, RI 45790<br />\r\n<br />\r\nDear Customer Service:<br />\r\n<br />\r\nOn November 18, we received a shipment of office furniture and equipment from your company. Unfortunately, the items we received were not the same as the items we ordered. I am enclosing a copy of the bill so that you can see exactly what was delivered to us. We did order a computer stand, but requested model D, which is half the price of model B. We also&nbsp; asked for only one desk chair, and we didn&rsquo;t order any paper cutters at all. At least the watercooler was correct.<br />\r\n<br />\r\nI have tried calling your Customer Service number repeatedly, but the line is always busy. Several attempts at emailing have also resulted in no response. Please let me know how we can return the office furniture which was erroneously delivered and receive instead the furniture that we actually ordered. I would like to resolve this matter as quickly as possible.<br />\r\n<br />\r\nSincerely yours,<br />\r\nJ.J. Simpson<br />\r\nOffice Manager</p>\r\n', NULL, NULL),
(114, 8, 'Double Passage - Text 2', '<p><strong>Passage 1:</strong><br />\r\n<br />\r\nTo: Ronald Richard, Peter Kim, Hiro Sachimoto, Giovanna Bertini<br />\r\nFrom: Isabelle Santelli<br />\r\nSubject: Meeting reminder<br />\r\n&nbsp;<br />\r\nThis is a reminder that this month&rsquo;s department meeting will take place this Thursday at 12:00 in Conference Room 2. Please note location change. The meeting will NOT take place in my office. We will review progress on the Lockerman project and look at the budget for the rest of the year. This is a lunchtime meeting and sandwiches and coffee will be served. Please let me know by Wednesday I f you won&rsquo;t be able to make the meeting. Thank you.<br />\r\n<br />\r\nIsabelle Santelli<br />\r\n&nbsp;<br />\r\nPassage 2:&nbsp;<br />\r\n<br />\r\nTo: I. Santelli<br />\r\nFrom: R. Richards<br />\r\nSubject: Re: Meeting reminder<br />\r\n<br />\r\nIsabelle,<br />\r\n<br />\r\nI&rsquo;m sorry I won&rsquo;t be able to make the meeting. I&rsquo;m leaving for Sydney that morning and can&rsquo;t get a later flight. Before I go, I&rsquo;ll put on your desk the figures you&rsquo;ll need for the second item on the meeting agenda. I&rsquo;ve prepared a thorough report, so you&rsquo;ll be able to have that part of the discussion without me. Also, Peter worked with me on this and can probably answer any questions.<br />\r\n<br />\r\nI&rsquo;ll be meeting with Mr. Lockman first thing Friday and will send you the particulars later that day, or by Saturday morning at the latest.<br />\r\n<br />\r\nRonald</p>\r\n', NULL, NULL),
(115, 8, 'Double Passage - Text 3', '<p><strong>Passage 1:&nbsp;</strong><br />\r\n<br />\r\n<strong>Hotel Grandiflor<br />\r\nWE OFFER:</strong><br />\r\n<br />\r\n&middot;&nbsp;&nbsp;&nbsp;&nbsp;&nbsp;&nbsp;&nbsp;&nbsp; Table seating for up to 250 guests<br />\r\n&middot;&nbsp;&nbsp;&nbsp;&nbsp;&nbsp;&nbsp;&nbsp;&nbsp; A choice of catered meals prepared by our European-trained chefs<br />\r\n&middot;&nbsp;&nbsp;&nbsp;&nbsp;&nbsp;&nbsp;&nbsp;&nbsp; Two world-class dance floors<br />\r\n<br />\r\nWe also provide on request professional assistance in selecting decorations, music, and seating arrangements.<br />\r\n<br />\r\nRooms are available for both midday and evening banquets.<br />\r\nMeal options include buffer, 3-course, and 5-course meals.<br />\r\nImpress your clients and reward your employees by inviting them to lunch or dinner at the Hotel Grandiflor.<br />\r\n<br />\r\nContact Cathy Chang, Events Manager, or Lois Street, Head Manager<br />\r\n&nbsp;</p>\r\n\r\n<p>&nbsp;**************<br />\r\n&nbsp;</p>\r\n\r\n<p><strong>Passage 2:&nbsp;</strong><br />\r\n<br />\r\nTo: Cathy Chang<br />\r\nFrom: Georgette Blanc<br />\r\nSubject: Banquet plans<br />\r\n<br />\r\nDear Ms. Chang,<br />\r\n<br />\r\nI saw you hotel&rsquo;s ad in the May 23 issue of the Business Gazette. I am planning the annual employee appreciation banquet for my company, Agrix International, and am interested in the possibility of hosting it at the Hotel Grandiflor.<br />\r\n<br />\r\nOur banquet is scheduled for the evening of July 15. We only plan to have half the number of guests mentioned in you ad, so I am sure you can accommodate our numbers. I think a five-course dinner would be too much, but I am interested in discussing with you the other two meal options. Mostly I am concerned about having both vegetarian and meat choices available for our guests.<br />\r\n<br />\r\nI am also interested in your professional assistance in&nbsp; planning other aspects of the evening. We would need seating arrangements that are conductive to conversation but that will also accommodate the awards ceremony that is the main focus on the evening. We also would like to have dancing after the meal and would appreciate your assistance in selecting a suitable and affordable band.<br />\r\n<br />\r\nPlease call me or my assistant, Robert de Luc at 656 555 0987 to discuss arrangements and costs.<br />\r\n<br />\r\nGeorgette Blanc</p>\r\n', NULL, NULL),
(116, 8, 'Double Passage - Text 4', '<p><strong>Passage 1:&nbsp;</strong><br />\r\n<br />\r\nHigh &ndash; Speed Train Service<br />\r\nMitteldorf - Kohllerg Line</p>\r\n\r\n<table border="1" cellpadding="0" cellspacing="0">\r\n	<tbody>\r\n		<tr>\r\n			<td><strong>LV MITTEDORF</strong><br />\r\n			5:45 *<br />\r\n			7:30 **<br />\r\n			8:15<br />\r\n			11:00 **<br />\r\n			<strong>12:20 *</strong><br />\r\n			<strong>4:35</strong></td>\r\n			<td><strong>ARR KOHLBERG</strong><br />\r\n			10:30<br />\r\n			11:50<br />\r\n			<strong>12:35</strong><br />\r\n			<strong>3:20</strong><br />\r\n			<strong>5:05</strong><br />\r\n			<strong>8:55</strong></td>\r\n		</tr>\r\n	</tbody>\r\n</table>\r\n\r\n<p>&nbsp;<br />\r\nTime listed in bold are P.M.<br />\r\n*Make intermediate stops at Badstein and Crauling<br />\r\n**Monday, Wednesday, and Friday only<br />\r\n&nbsp;<br />\r\nReservations are required as of April 1:<br />\r\nBusiness Class: $175<br />\r\nTourist Class: $135<br />\r\n&nbsp;<br />\r\nRound-trip fares are double the one-way fare.<br />\r\n&nbsp;<br />\r\n<strong>Passage 2:&nbsp;</strong><br />\r\n<br />\r\nTo: Park Travel Agency<br />\r\nFrom: Hilda Heinz<br />\r\nSubject: Train Ticket<br />\r\n<br />\r\nDear Mr. Park,<br />\r\n<br />\r\nThank you for forwarding the train schedule to me. I&rsquo;m not an early riser, but I need to be in Kohlberg by the early afternoon, so I&rsquo;ll take the second train in the morning next Tuesday the 22<sup>nd</sup>. I&rsquo;ll return the following Friday. I haven&rsquo;t seen the return schedule, but time is not so important for my return. Would you please make me a reservation that would have me back in Mitteldorf by about 5 or 6 in the afternoon? I prefer to travel business class, of course. Please bill my account and have the ticket sent to my office.<br />\r\n<br />\r\nThank you, as always, for you kind and efficient service.<br />\r\n<br />\r\nHilda Heinz</p>\r\n', NULL, NULL),
(117, 8, 'Double Passage - Text 5', '<p><strong>Passage 1:<br />\r\n<br />\r\n<em>You&rsquo;re invited!</em></strong><br />\r\n<em>What: Farewell party</em><br />\r\n<em>Where: Conference Room 2</em><br />\r\n<em>When: Thursday, 4:30 P.M</em><br />\r\n<br />\r\n<em>A you all know, Martha Cunningham and her family are moving to another city. Let&rsquo;s show her much we appreciate all the hard word she&rsquo;s done for us.</em><br />\r\n<br />\r\n<em>Please bring a refreshment to share. Call Ted Jones in the accounting office by Tuesday to let him know if you&rsquo;ll attend and what food you&rsquo;ll bring. Also, we&rsquo;re taking up a collection to buy a gift for Martha. If everyone contributes just $15, we&rsquo;ll have $3000 to buy her something really special.</em><br />\r\n<br />\r\n<em>Thanks, Susan Billings&nbsp;</em><br />\r\n&nbsp;</p>\r\n\r\n<p>***************<br />\r\n&nbsp;</p>\r\n\r\n<p><strong>Passage 2:&nbsp;</strong><br />\r\n<br />\r\nTo: Susan Billings<br />\r\nFrom: Tom Williamson<br />\r\nSubject: Farewell Party<br />\r\n<br />\r\nHi Susan,<br />\r\n<br />\r\nI&rsquo;m sorry I couldn&rsquo;t attend the party yesterday, as I&rsquo;d planned, but I had a family emergency. Everything is OK now. I heard that everyone had a great time at the party and that you were able to raise $75 more than you expected. Fantastic. I&rsquo;m sure Martha loved her gift. I did get a chance to sign the card before I left the office. Did you get the cake I sent over? It was a chocolate one from the Paris Bakery, so I hope it arrived on time for everyone to enjoy.<br />\r\n<br />\r\nSee you at the meeting this afternoon.<br />\r\n<br />\r\nTom</p>\r\n', NULL, NULL),
(118, 8, 'Double Passage - Text 6', '<p><strong>Passage 1:<br />\r\n<br />\r\nOFFICE ASSISTANT</strong><br />\r\n&nbsp;</p>\r\n\r\n<p>Busy architectural firm seeks independent hard worker to be our office assistant. Responsible for answering phones, making appointments and schedules, maintaining database, typing letters and documents, and other tasks as needed. High school diploma required, some college desirable. Must have knowledge of word processing and database software. Send resume to Mr. J. Woo, Architect, Modern Design, Inc., 51 River Street, Middletown, California 94945.</p>\r\n\r\n<p><br />\r\n****************<br />\r\n&nbsp;</p>\r\n\r\n<p><strong>Passage 2:</strong><br />\r\n<br />\r\nMr. J. Woo<br />\r\nModern Designs, Inc.<br />\r\n51 River Street<br />\r\nMiddletown, California 94945<br />\r\n<br />\r\nDear Mr. Woo<br />\r\n<br />\r\nI saw your ad in last Sunday&rsquo;s City Times looking for an office assistant. I am well-qualified for the position you offer. I am very organized and hard working. I have the computer skills and educational level you required. I am particularly interested in this position since in the future I would like to enter your profession. In fact, I am taking a night class at the university now, and hope to enter as a full-time student after I gain a few years of work experience. I am enclosing my resume and you may call my high school if you would like to see a copy of my high school record. I hope to hear from you soon.<br />\r\n<br />\r\nSincerely,<br />\r\nLu Wang</p>\r\n', NULL, NULL),
(119, 8, 'Double Passage - Text 7', '<p><strong>Passage 1:</strong><br />\r\n<br />\r\nWhile you were out &hellip;<br />\r\nTo: Harry Pak<br />\r\nPamela Lopez of One world called<br />\r\nTime: 11:15 A.M.<br />\r\nAbout: You upcoming trip<br />\r\n<br />\r\nShe can&rsquo;t get you a flight on Tuesday morning. There is a flight late Tuesday afternoon and one on Wednesday morning. Which do you prefer? Also, she can get you a room at the Grand Hotel, as you requested, but she can get you a better deal at the Marionette Hotel or the Riverside Hotel. Which hotel do you prefer? What day do you want to return? Please let her know before 3:00 this afternoon.</p>\r\n\r\n<p>&nbsp;**************</p>\r\n\r\n<p><br />\r\n<strong>Passage 2:</strong><br />\r\n<br />\r\nWhile you were out &hellip;<br />\r\nTo: Pamela Lopez and Association called<br />\r\nTime: 12:30 p.m.<br />\r\nAbout: Flights and hotels<br />\r\n<br />\r\nAbout the flight, he&rsquo;ll the second option, but he&rsquo;ll stay with his first choice for his hotel. He plans to stay the weekend and would like a flight back on Monday evening, arriving no letter than 8:30, if possible. Also he has a vacation next month and would like to go the beach. Can you look into travel arrangements for him?</p>\r\n', NULL, NULL),
(120, 8, 'Double Passage - Text 8', '<p><strong>Passage 1:</strong></p>\r\n\r\n<p>The Dental Office of<br />\r\n&nbsp;<strong>Dr. Lilia Molari, DDS</strong><br />\r\nNotice to all patients<br />\r\n<strong>OUR POLICY</strong><br />\r\nWe are here to serve you. In order to do so, the following policies are in effect.<br />\r\n<strong><em>Cancellation Policy</em></strong><br />\r\nWhen you make an appointment, we reserve that time for you. Cancellations must be made 24 hours in advance or a $40 cancellation fee will be charged.<br />\r\n<strong><em>Payment Policy</em></strong><br />\r\nWe expect payment in full upon receipt of service. Payment may be made by check, credit card or money order only.<br />\r\nOffice hours: Mon-Thurs. 9-5, Fri. 12-8<br />\r\nEmergency phone: 555 9754<br />\r\nWhen the office is closed.<br />\r\nDuring normal office hours<br />\r\nCall us at 555 4825<br />\r\n&nbsp;</p>\r\n\r\n<p>&nbsp;*************</p>\r\n\r\n<p>&nbsp;<br />\r\n<strong>Passage 2:</strong><br />\r\n<br />\r\nTo: Dental Office<br />\r\nFrom: Jim Wilson<br />\r\nSubject: My appointment<br />\r\n<br />\r\nI&rsquo;m sorry I can&rsquo;t make my appointment this morning. I have to attend an emergency meeting in the afternoon and will have to spend the morning preparing for it. I know this is less than 24 hours notice so, I&rsquo;ll be charged the cancellation fee. I&rsquo;ll have my assistant write and send a check today.<br />\r\n<br />\r\nI&rsquo;d like to reschedule my appointment, but my days are really full for the next several weeks. You have evening hours don&rsquo;t you? Please give me the next available appointment you have after 5:30 in the evening. Let me know by email or phone. My office phone: 555 8977, and cell phone: 555 6295.<br />\r\n<br />\r\nJim Wilson</p>\r\n', NULL, NULL),
(121, 9, 'Photo - 110839_16022012_718200', '', '110839_16022012_7182001497674529.mp3', '110839_16022012_7182001497674529.jpg'),
(122, 9, 'Photo - 125728_16022012_506192', '', '125728_16022012_5061921497675571.mp3', '125728_16022012_5061921497675571.jpg'),
(123, 9, 'Photo - 110649_16022012_276248', '', '110649_16022012_2762481497675745.mp3', '110649_16022012_2762481497675745.JPG'),
(124, 9, 'Photo - 110552_16022012_260427', '', '110552_16022012_2604271497675808.mp3', '110552_16022012_2604271497675808.jpg'),
(125, 9, 'Photo - 130633_16022012_673925', '', '130633_16022012_6739251497675891.mp3', '130633_16022012_6739251497675891.jpg'),
(126, 9, 'Photo - 130525_16022012_774423', '', '130525_16022012_7744231497675962.mp3', '130525_16022012_7744231497675962.jpg'),
(127, 9, 'Photo - 130405_16022012_165368', '', '130405_16022012_1653681497676068.mp3', '130405_16022012_1653681497676068.jpg');
INSERT INTO `chu_de` (`ma_chu_de`, `ma_loai_noi_dung`, `ten_chu_de`, `noi_dung_chu_de`, `link`, `hinh_anh`) VALUES
(128, 9, 'Photo - 130303_16022012_500534', '', '130303_16022012_5005341497676167.mp3', '130303_16022012_5005341497676167.jpg'),
(129, 9, 'Photo - 132510_16022012_121752', '', '132510_16022012_1217521497676270.mp3', '132510_16022012_1217521497676270.jpg'),
(130, 9, 'Photo - 132602_16022012_364138', '', '132602_16022012_3641381497676392.mp3', '132602_16022012_3641381497676392.jpg'),
(131, 9, 'Photo - 132338_16022012_163198', '', '132338_16022012_1631981497676554.mp3', '132338_16022012_1631981497676554.jpg'),
(132, 9, 'Photo - 132240_16022012_216070', '', '132240_16022012_2160701497676645.mp3', '132240_16022012_2160701497676645.jpg'),
(133, 9, 'Photo - 133034_16022012_355487', '', '133034_16022012_3554871497676819.mp3', '133034_16022012_3554871497676819.jpg'),
(134, 9, 'Photo - 135607_16022012_306845', '', '135607_16022012_3068451497676940.mp3', '135607_16022012_3068451497676940.jpg'),
(135, 9, 'Photo - 132842_16022012_741271', '', '132842_16022012_7412711497677040.mp3', '132842_16022012_7412711497677040.jpg'),
(136, 9, 'Photo - 132752_16022012_321017', '', '132752_16022012_3210171497677205.mp3', '132752_16022012_3210171497677205.jpg'),
(137, 9, 'Photo - 171934_05032012_304016', '', '171934_05032012_3040161497677300.mp3', '171934_05032012_3040161497677300.jpg'),
(138, 9, 'Photo - 171848_05032012_198657', '', '171848_05032012_1986571497677504.mp3', '171848_05032012_1986571497677504.jpg'),
(139, 9, 'Photo - 171757_05032012_635144', '', '171757_05032012_6351441497677969.mp3', '171757_05032012_6351441497677969.jpg'),
(140, 9, 'Photo - 171708_05032012_818890', '', '171708_05032012_8188901497678052.mp3', '171708_05032012_8188901497678052.jpg'),
(141, 9, 'Photo - 172552_05032012_254962', '', '172552_05032012_2549621497678536.mp3', '172552_05032012_2549621497678536.JPG'),
(142, 9, 'Photo - 172502_05032012_436813', '', '172502_05032012_4368131497678680.mp3', '172502_05032012_4368131497678680.jpg'),
(143, 9, 'Photo - 172416_05032012_536239', '', '172416_05032012_5362391497678783.mp3', '172416_05032012_5362391497678783.jpg'),
(144, 9, 'Photo - 172327_05032012_943695', '', '172327_05032012_9436951497678921.mp3', '172327_05032012_9436951497678921.jpg'),
(145, 9, 'Photo - 144059_30032012_877694', '', '144059_30032012_8776941497679045.mp3', '144059_30032012_8776941497679045.jpg'),
(146, 9, 'Photo - 144019_30032012_690652', '', '144019_30032012_6906521497679154.mp3', '144019_30032012_6906521497679154.JPG'),
(147, 9, 'Photo - 143943_30032012_123208', '', '143943_30032012_1232081497679245.mp3', '143943_30032012_1232081497679245.png'),
(148, 9, 'Photo - 143859_30032012_949545', '', '143859_30032012_9495451497679439.mp3', '143859_30032012_9495451497679439.jpg'),
(149, 9, 'Photo - 143819_30032012_320715', '', '143819_30032012_3207151497679519.mp3', '143819_30032012_3207151497679519.jpg'),
(150, 9, 'Photo - 143740_30032012_462191', '', '143740_30032012_4621911497679590.mp3', '143740_30032012_4621911497679590.jpg'),
(151, 10, 'QR - 141849_16022012_552444 ', '', '141849_16022012_5524441497686217.mp3', NULL),
(152, 10, 'QR - 142225_16022012_592324', '', '142225_16022012_5923241497686311.mp3', NULL),
(153, 10, 'QR - 141720_16022012_360018', '', '141720_16022012_3600181497686383.mp3', NULL),
(154, 10, 'QR - 141635_16022012_355047', '', '141635_16022012_3550471497686488.mp3', NULL),
(155, 10, 'QR - 141550_16022012_619406', '', '141550_16022012_6194061497686573.mp3', NULL),
(156, 10, 'QR - 141510_16022012_513333', '', '141510_16022012_5133331497686624.mp3', NULL),
(157, 10, 'QR - 141354_16022012_601168', '', '141354_16022012_6011681497686795.mp3', NULL),
(158, 10, 'QR - 141432_16022012_794885', '', '141432_16022012_7948851497686846.mp3', NULL),
(159, 10, 'QR - 141309_16022012_913015', '', '141309_16022012_9130151497686902.mp3', NULL),
(160, 10, 'QR - 141225_16022012_543161', '', '141225_16022012_5431611497686964.mp3', NULL),
(161, 10, 'QR - 143937_16022012_169735', '', '143937_16022012_1697351497687143.mp3', NULL),
(162, 10, 'QR - 144023_16022012_549752', '', '144023_16022012_5497521497687191.mp3', NULL),
(163, 10, 'QR - 143848_16022012_611468', '', '143848_16022012_6114681497687256.mp3', NULL),
(164, 10, 'QR - 143739_16022012_593258', '', '143739_16022012_5932581497687383.mp3', NULL),
(165, 10, 'QR - 143606_16022012_147076', '', '143606_16022012_1470761497687445.mp3', NULL),
(166, 10, 'QR - 143657_16022012_223733', '', '143657_16022012_2237331497687629.mp3', NULL),
(167, 10, 'QR - 143525_16022012_424481', '', '143525_16022012_4244811497687711.mp3', NULL),
(168, 10, 'QR - 143448_16022012_891427', '', '143448_16022012_8914271497687746.mp3', NULL),
(169, 10, 'QR - 143317_16022012_275863', '', '143317_16022012_2758631497687775.mp3', NULL),
(170, 10, 'QR - 143407_16022012_511465', '', '143407_16022012_5114651497687797.mp3', NULL),
(171, 10, 'QR - 150135_16022012_820703', '', '150135_16022012_8207031497687826.mp3', NULL),
(172, 10, 'QR - 150057_16022012_515173', '', '150057_16022012_5151731497687860.mp3', NULL),
(173, 10, 'QR - 145938_16022012_925595', '', '145938_16022012_9255951497687887.mp3', NULL),
(174, 10, 'QR - 145859_16022012_870581', '', '145859_16022012_8705811497687992.mp3', NULL),
(175, 10, 'QR - 145817_16022012_191955', '', '145817_16022012_1919551497688014.mp3', NULL),
(176, 10, 'QR - 150020_16022012_388006', '', '150020_16022012_3880061497688083.mp3', NULL),
(177, 10, 'QR - 145738_16022012_235571', '', '145738_16022012_2355711497688148.mp3', NULL),
(178, 10, 'QR - 145652_16022012_106729', '', '145652_16022012_1067291497688169.mp3', NULL),
(179, 10, 'QR - 145530_16022012_784750', '', '145530_16022012_7847501497688211.mp3', NULL),
(180, 10, 'QR - 145610_16022012_910763', '', '145610_16022012_9107631497688292.mp3', NULL),
(181, 10, 'QR - 153253_16022012_991320', '', '153253_16022012_9913201497688315.mp3', NULL),
(182, 10, 'QR - 153212_16022012_953033', '', '153212_16022012_9530331497688337.mp3', NULL),
(183, 10, 'QR - 153021_16022012_316210', '', '153021_16022012_3162101497688359.mp3', NULL),
(184, 10, 'QR - 153136_16022012_485125', '', '153136_16022012_4851251497688379.mp3', NULL),
(185, 10, 'QR - 152943_16022012_239141', '', '152943_16022012_2391411497688398.mp3', NULL),
(186, 10, 'QR - 152904_16022012_645965', '', '152904_16022012_6459651497688486.mp3', NULL),
(187, 10, 'QR - 152746_16022012_689498', '', '152746_16022012_6894981497688502.mp3', NULL),
(188, 10, 'QR - 152829_16022012_787881', '', '152829_16022012_7878811497688520.mp3', NULL),
(189, 10, 'QR - 152655_16022012_427832', '', '152655_16022012_4278321497688546.mp3', NULL),
(190, 10, 'QR - 132351_05032012_448733', '', '132351_05032012_4487331497688574.mp3', NULL),
(191, 10, 'QR - 132227_05032012_571148', '', '132227_05032012_5711481497688612.mp3', NULL),
(192, 10, 'QR - 132145_05032012_712213', '', '132145_05032012_7122131497688631.mp3', NULL),
(193, 10, 'QR - 132313_05032012_534591', '', '132313_05032012_5345911497688677.mp3', NULL),
(194, 10, 'QR -132025_05032012_735037', '', '132025_05032012_7350371497688698.mp3', NULL),
(195, 10, 'QR -132103_05032012_733828', '', '132103_05032012_7338281497688815.mp3', NULL),
(196, 10, 'QR - 131944_05032012_368148', '', '131944_05032012_3681481497688844.mp3', NULL),
(197, 10, 'QR - 131905_05032012_716964', '', '131905_05032012_7169641497688874.mp3', NULL),
(198, 10, 'QR - 131742_05032012_642065', '', '131742_05032012_6420651497688906.mp3', NULL),
(199, 10, 'QR - 131824_05032012_824026', '', '131824_05032012_8240261497688944.mp3', NULL),
(200, 10, 'QR - 133503_05032012_241778', '', '133503_05032012_2417781497688964.mp3', NULL),
(201, 10, 'QR - 133426_05032012_333486', '', '133426_05032012_3334861497688994.mp3', NULL),
(202, 10, 'QR - 133244_05032012_886181', '', '133244_05032012_8861811497689019.mp3', NULL),
(203, 10, 'QR - 133349_05032012_807354', '', '133349_05032012_8073541497689045.mp3', NULL),
(204, 10, 'QR - 133154_05032012_334777', '', '133154_05032012_3347771497689063.mp3', NULL),
(205, 10, 'QR - 133104_05032012_193548', '', '133104_05032012_1935481497689096.mp3', NULL),
(206, 10, 'QR - 132949_05032012_982806', '', '132949_05032012_9828061497689116.mp3', NULL),
(207, 10, 'QR - 133028_05032012_306954', '', '133028_05032012_3069541497689138.mp3', NULL),
(208, 10, 'QR - 132836_05032012_565408', '', '132836_05032012_5654081497689233.mp3', NULL),
(209, 10, 'QR - 132913_05032012_110519', '', '132913_05032012_1105191497689195.mp3', NULL),
(210, 10, 'QR - 152927_05032012_318930', '', '152927_05032012_3189301497689261.mp3', NULL),
(211, 10, 'QR - 153017_05032012_841769', '', '153017_05032012_8417691497689284.mp3', NULL),
(212, 10, 'QR - 152837_05032012_364166', '', '152837_05032012_3641661497689305.mp3', NULL),
(213, 10, 'QR - 152742_05032012_905407', '', '152742_05032012_9054071497689323.mp3', NULL),
(214, 10, 'QR - 152517_05032012_851052', '', '152517_05032012_8510521497689342.mp3', NULL),
(215, 10, 'QR - 152637_05032012_220794', '', '152637_05032012_2207941497689358.mp3', NULL),
(216, 10, 'QR - 152429_05032012_318133', '', '152429_05032012_3181331497689376.mp3', NULL),
(217, 10, 'QR - 152340_05032012_736767', '', '152340_05032012_7367671497689394.mp3', NULL),
(218, 10, 'QR - 152150_05032012_440933', '', '152150_05032012_4409331497689410.mp3', NULL),
(219, 10, 'QR - 152240_05032012_220932', '', '152240_05032012_2209321497689426.mp3', NULL),
(220, 11, 'SC - 100335_05012012_480456', '', '100335_05012012_4804561497693978.mp3', NULL),
(221, 11, 'SC - 095925_05012012_311074', '', '095925_05012012_3110741497694334.mp3', NULL),
(222, 11, 'SC - 093608_05012012_701116', '', '093608_05012012_7011161497694678.mp3', NULL),
(223, 11, 'SC - 102131_05012012_415499', '', '102131_05012012_4154991497695190.mp3', NULL),
(224, 11, 'SC - 101727_05012012_872283', '', '101727_05012012_8722831497695782.mp3', NULL),
(225, 11, 'SC - 101305_05012012_742590', '', '101305_05012012_7425901497696212.mp3', NULL),
(226, 11, 'SC - 103804_05012012_599822', '', '103804_05012012_5998221497696894.mp3', NULL),
(227, 11, 'SC - 103402_05012012_629513', '', '103402_05012012_6295131497697354.mp3', NULL),
(228, 11, 'SC - 103007_05012012_287564', '', '103007_05012012_2875641497697810.mp3', NULL),
(229, 11, 'SC - 105609_05012012_877639', '', '105609_05012012_8776391497698169.mp3', NULL),
(230, 11, 'SC - 105226_05012012_621081', '', '105226_05012012_6210811497698405.mp3', NULL),
(231, 11, 'SC - 104756_05012012_746051', '', '104756_05012012_7460511497698918.mp3', NULL),
(232, 11, 'SC - 110902_05012012_772445', '', '110902_05012012_7724451497699925.mp3', NULL),
(233, 11, 'SC - 110534_05012012_254000', '', '110534_05012012_2540001497701991.mp3', NULL),
(234, 11, 'SC - 110150_05012012_651129', '', '110150_05012012_6511291497702341.mp3', NULL),
(235, 11, 'SC - 112910_05012012_360513', '', '112910_05012012_3605131497702645.mp3', NULL),
(236, 11, 'SC - 112021_05012012_543051', '', '104756_05012012_7460511497703029.mp3', NULL),
(237, 11, 'SC - 111455_05012012_782800', '', '111455_05012012_7828001497703286.mp3', NULL),
(238, 11, 'SC - 131833_05012012_774285', '', '131833_05012012_7742851497703503.mp3', NULL),
(239, 11, 'SC - 131458_05012012_461175', '', '131458_05012012_4611751497703780.mp3', NULL),
(240, 11, 'SC - 131113_05012012_178881', '', '131113_05012012_1788811497703986.mp3', NULL);

-- --------------------------------------------------------

--
-- Table structure for table `danh_gia`
--

CREATE TABLE IF NOT EXISTS `danh_gia` (
  `id_danh_gia` int(11) NOT NULL AUTO_INCREMENT,
  `ten_danh_gia` varchar(500) DEFAULT NULL,
  `tu_diem` int(11) DEFAULT NULL,
  `den_diem` int(11) DEFAULT NULL,
  PRIMARY KEY (`id_danh_gia`)
) ENGINE=InnoDB DEFAULT CHARSET=utf8 AUTO_INCREMENT=1 ;

-- --------------------------------------------------------

--
-- Table structure for table `diem_bonus`
--

CREATE TABLE IF NOT EXISTS `diem_bonus` (
  `id` int(11) NOT NULL AUTO_INCREMENT,
  `ma_phan_thi` int(11) DEFAULT NULL,
  `so_cau` int(11) DEFAULT NULL,
  PRIMARY KEY (`id`)
) ENGINE=InnoDB  DEFAULT CHARSET=utf8 AUTO_INCREMENT=31 ;

--
-- Dumping data for table `diem_bonus`
--

INSERT INTO `diem_bonus` (`id`, `ma_phan_thi`, `so_cau`) VALUES
(1, 1, 26),
(2, 1, 35),
(3, 1, 44),
(4, 1, 48),
(5, 1, 53),
(6, 1, 56),
(7, 1, 59),
(8, 1, 64),
(9, 1, 67),
(10, 1, 70),
(11, 1, 77),
(12, 1, 80),
(13, 1, 83),
(14, 1, 47),
(15, 2, 25),
(16, 2, 28),
(17, 2, 33),
(18, 2, 38),
(19, 2, 41),
(20, 2, 46),
(21, 2, 49),
(22, 2, 56),
(23, 2, 61),
(24, 2, 64),
(25, 2, 67),
(26, 2, 72),
(27, 2, 77),
(28, 2, 89),
(29, 2, 92),
(30, 2, 94);

-- --------------------------------------------------------

--
-- Table structure for table `do_kho`
--

CREATE TABLE IF NOT EXISTS `do_kho` (
  `ma_do_kho` int(11) NOT NULL AUTO_INCREMENT,
  `ten_do_kho` varchar(255) NOT NULL,
  PRIMARY KEY (`ma_do_kho`)
) ENGINE=InnoDB  DEFAULT CHARSET=utf8 AUTO_INCREMENT=4 ;

--
-- Dumping data for table `do_kho`
--

INSERT INTO `do_kho` (`ma_do_kho`, `ten_do_kho`) VALUES
(1, 'Easy'),
(2, 'Normal'),
(3, 'Hard');

-- --------------------------------------------------------

--
-- Table structure for table `loai_noi_dung`
--

CREATE TABLE IF NOT EXISTS `loai_noi_dung` (
  `ma_loai_noi_dung` int(11) NOT NULL AUTO_INCREMENT,
  `ma_phan_thi` int(11) DEFAULT NULL,
  `ten_loai_noi_dung` varchar(255) DEFAULT NULL,
  `so_luong_cau_hoi` int(11) DEFAULT NULL,
  PRIMARY KEY (`ma_loai_noi_dung`),
  KEY `ma_phan_thi` (`ma_phan_thi`)
) ENGINE=InnoDB  DEFAULT CHARSET=utf8 AUTO_INCREMENT=16 ;

--
-- Dumping data for table `loai_noi_dung`
--

INSERT INTO `loai_noi_dung` (`ma_loai_noi_dung`, `ma_phan_thi`, `ten_loai_noi_dung`, `so_luong_cau_hoi`) VALUES
(1, 1, 'Part 1: Photograph', 10),
(2, 1, 'Part 2: Question-Response', 30),
(3, 1, 'Part 3: Short Conversation', 30),
(4, 1, 'Part 4: Short Talk', 30),
(5, 2, 'Part 5: Incomplete Sentence', 40),
(6, 2, 'Part 6: Text Completion', 12),
(7, 2, 'Part 7: Single passage', 28),
(8, 2, 'Part 8: Double passage', 20),
(9, 3, 'Photograph', 10),
(10, 4, 'Question-Response', 30),
(11, 5, 'Short Conversation', 30),
(12, 6, 'Short Talk', 30),
(13, 7, 'Incomplete Sentence', 40),
(14, 8, 'Text Completion', 12),
(15, 9, 'Single Passage', 28);

-- --------------------------------------------------------

--
-- Table structure for table `nguoi_dung`
--

CREATE TABLE IF NOT EXISTS `nguoi_dung` (
  `ma_nguoi_dung` int(11) NOT NULL AUTO_INCREMENT,
  `ten_nguoi_dung` varchar(500) DEFAULT NULL,
  `dia_chi` varchar(500) DEFAULT NULL,
  `email` varchar(500) DEFAULT NULL,
  `sdt` int(11) DEFAULT NULL,
  `username` varchar(500) DEFAULT NULL,
  `password` varchar(500) DEFAULT NULL,
  `quyen_han` int(11) DEFAULT NULL,
  PRIMARY KEY (`ma_nguoi_dung`)
) ENGINE=InnoDB  DEFAULT CHARSET=utf8 AUTO_INCREMENT=5 ;

--
-- Dumping data for table `nguoi_dung`
--

INSERT INTO `nguoi_dung` (`ma_nguoi_dung`, `ten_nguoi_dung`, `dia_chi`, `email`, `sdt`, `username`, `password`, `quyen_han`) VALUES
(1, 'Minh', 'TP HCM', 'a@gmail.com', 909090909, 'tienminh', '202cb962ac59075b964b07152d234b70', 1),
(2, 'Anh Duy', 'abcdef', 'aaa@gmail.com', 13156599, 'duy123', '202cb962ac59075b964b07152d234b70', 0),
(3, 'MaNaDơ', 'cxzczxcxc', 'manado@gmail.com', 54645646, 'manado', '202cb962ac59075b964b07152d234b70', 0),
(4, 'Dai Ca', 'vcbcv', 'daica@gmail.com', 1321231, 'daica123', '202cb962ac59075b964b07152d234b70', 0);

-- --------------------------------------------------------

--
-- Table structure for table `phan_thi`
--

CREATE TABLE IF NOT EXISTS `phan_thi` (
  `ma_phan_thi` int(11) NOT NULL AUTO_INCREMENT,
  `ma_cau_truc` int(11) DEFAULT NULL,
  `ten_phan_thi` varchar(255) DEFAULT NULL,
  `so_luong_cau_phan_thi` int(11) DEFAULT NULL,
  `tong_diem` int(11) DEFAULT NULL,
  PRIMARY KEY (`ma_phan_thi`),
  KEY `ma_cau_truc` (`ma_cau_truc`)
) ENGINE=InnoDB  DEFAULT CHARSET=utf8 AUTO_INCREMENT=10 ;

--
-- Dumping data for table `phan_thi`
--

INSERT INTO `phan_thi` (`ma_phan_thi`, `ma_cau_truc`, `ten_phan_thi`, `so_luong_cau_phan_thi`, `tong_diem`) VALUES
(1, 1, 'Listening', 100, 495),
(2, 1, 'Reading', 100, 495),
(3, 2, 'Listening', 10, 50),
(4, 3, 'Listening', 30, 150),
(5, 4, 'Listening', 30, 150),
(6, 5, 'Listening', 30, 150),
(7, 6, 'Reading', 40, 200),
(8, 7, 'Reading', 12, 60),
(9, 8, 'Reading', 28, 140);

-- --------------------------------------------------------

--
-- Table structure for table `thong_bao`
--

CREATE TABLE IF NOT EXISTS `thong_bao` (
  `ma_thong_bao` int(11) NOT NULL AUTO_INCREMENT,
  `ma_nguoi_dung` int(11) DEFAULT NULL,
  `tieu_de` varchar(500) DEFAULT NULL,
  `noi_dung_thong_bao` varchar(5000) DEFAULT NULL,
  `hinh_anh` varchar(500) DEFAULT NULL,
  `ngay_dang` date DEFAULT NULL,
  `trang_thai` int(11) DEFAULT NULL,
  PRIMARY KEY (`ma_thong_bao`),
  KEY `ma_nguoi_dung` (`ma_nguoi_dung`)
) ENGINE=InnoDB DEFAULT CHARSET=utf8 AUTO_INCREMENT=1 ;

--
-- Constraints for dumped tables
--

--
-- Constraints for table `cau_hoi`
--
ALTER TABLE `cau_hoi`
  ADD CONSTRAINT `cau_hoi_ibfk_1` FOREIGN KEY (`ma_loai_noi_dung`) REFERENCES `loai_noi_dung` (`ma_loai_noi_dung`),
  ADD CONSTRAINT `cau_hoi_ibfk_2` FOREIGN KEY (`ma_do_kho`) REFERENCES `do_kho` (`ma_do_kho`),
  ADD CONSTRAINT `cau_hoi_ibfk_3` FOREIGN KEY (`ma_chu_de`) REFERENCES `chu_de` (`ma_chu_de`);

--
-- Constraints for table `cau_tra_loi`
--
ALTER TABLE `cau_tra_loi`
  ADD CONSTRAINT `cau_tra_loi_ibfk_1` FOREIGN KEY (`ma_cau_hoi`) REFERENCES `cau_hoi` (`ma_cau_hoi`);

--
-- Constraints for table `chi_tiet_cau_truc`
--
ALTER TABLE `chi_tiet_cau_truc`
  ADD CONSTRAINT `chi_tiet_cau_truc_ibfk_1` FOREIGN KEY (`ma_do_kho`) REFERENCES `do_kho` (`ma_do_kho`),
  ADD CONSTRAINT `chi_tiet_cau_truc_ibfk_2` FOREIGN KEY (`ma_loai_noi_dung`) REFERENCES `loai_noi_dung` (`ma_loai_noi_dung`),
  ADD CONSTRAINT `chi_tiet_cau_truc_ibfk_3` FOREIGN KEY (`ma_diem_chuan`) REFERENCES `bang_chuan_cua_diem` (`ma_diem_chuan`);

--
-- Constraints for table `chu_de`
--
ALTER TABLE `chu_de`
  ADD CONSTRAINT `chu_de_ibfk_1` FOREIGN KEY (`ma_loai_noi_dung`) REFERENCES `loai_noi_dung` (`ma_loai_noi_dung`);

--
-- Constraints for table `loai_noi_dung`
--
ALTER TABLE `loai_noi_dung`
  ADD CONSTRAINT `loai_noi_dung_ibfk_1` FOREIGN KEY (`ma_phan_thi`) REFERENCES `phan_thi` (`ma_phan_thi`);

--
-- Constraints for table `phan_thi`
--
ALTER TABLE `phan_thi`
  ADD CONSTRAINT `phan_thi_ibfk_1` FOREIGN KEY (`ma_cau_truc`) REFERENCES `cau_truc_de_thi` (`ma_cau_truc`);

--
-- Constraints for table `thong_bao`
--
ALTER TABLE `thong_bao`
  ADD CONSTRAINT `thong_bao_ibfk_1` FOREIGN KEY (`ma_nguoi_dung`) REFERENCES `nguoi_dung` (`ma_nguoi_dung`);

/*!40101 SET CHARACTER_SET_CLIENT=@OLD_CHARACTER_SET_CLIENT */;
/*!40101 SET CHARACTER_SET_RESULTS=@OLD_CHARACTER_SET_RESULTS */;
/*!40101 SET COLLATION_CONNECTION=@OLD_COLLATION_CONNECTION */;
